nr;datum;Locatie;Locatie_A;Locatie_Oever;Methode;;;Microplastics/Contaminatie/vezels (katoen?);Cladocera sp.;Annelida;Polychaete;Isopoda;Diptera sp.;Chironomida sp.;Crustaceae sp.;Cyclopoida sp.;Unidentified sp.;Amphipoda sp.;Calanoida sp.;Copepoda sp.;Harpacticoid Copepod;Hexapode sp. ();keverlarve;Pennate diatomee;Plantae sp.;Empty
1;10/03/2017;PG-RO-PA;Pompgemaal;RO;Palinggoot;;;0;0;0;0;0;0;0;0;0;0;0;0;0;0;0;0;0;0;1
2;10/03/2017;PG-RO-PA;Pompgemaal;RO;Palinggoot;;;0;0;0;0;0;0;0;0;0;0;0;0;0;0;0;0;0;0;1
3;10/03/2017;PG-RO-PA;Pompgemaal;RO;Palinggoot;;;0;0;0;0;0;0;0;0;0;0;0;0;0;0;0;0;0;0;1
4;10/03/2017;PG-RO-PA;Pompgemaal;RO;Palinggoot;;;0;0;0;0;0;0;0;0;0;0;0;0;0;0;0;0;0;0;1
5;10/03/2017;PG-RO-PA;Pompgemaal;RO;Palinggoot;;;0;0;0;0;0;0;0;0;0;0;0;0;0;0;0;0;0;0;1
6;10/03/2017;PG-LO-PA;Pompgemaal;LO;Palinggoot;;;0;0;0;0;0;0;0;0;0;0;0;0;0;0;0;0;0;0;1
7;11/03/2017;PG-KR;Pompgemaal;midden;Kruisnetten;;;0;0;0;0;0;0;0;0;0;1;0;0;0;0;0;0;0;0;0
8;11/03/2017;PG-KR;Pompgemaal;midden;Kruisnetten;;;0;0;0;0;0;0;0;0;0;0;0;0;0;0;0;0;0;0;1
9;11/03/2017;PG-KR;Pompgemaal;midden;Kruisnetten;;;0;0;0;0;0;0;0;0;0;0;0;0;0;0;0;0;0;0;1
10;11/03/2017;PG-KR;Pompgemaal;midden;Kruisnetten;;;0;0;0;0;0;0;0;0;0;0;0;0;0;0;0;0;0;0;1
11;11/03/2017;PG-KR;Pompgemaal;midden;Kruisnetten;;;0;0;0;0;0;0;0;0;0;0;0;0;0;0;0;0;0;0;1
12;17/03/2017;PG-RO-PA;Pompgemaal;RO;Palinggoot;;;0;0;0;0;0;0;0;0;0;0;0;0;0;0;0;0;0;0;1
13;17/03/2017;PG-RO-PA;Pompgemaal;RO;Palinggoot;;;0;0;0;1;0;0;0;0;0;0;0;0;0;0;0;0;0;0;0
14;17/03/2017;PG-RO-PA;Pompgemaal;RO;Palinggoot;;;0;0;0;1;0;0;0;0;0;0;0;0;0;0;0;0;0;0;0
15;17/03/2017;PG-RO-PA;Pompgemaal;RO;Palinggoot;;;0;0;0;0;0;0;0;0;0;0;0;0;0;0;0;0;0;0;1
16;17/03/2017;PG-RO-PA;Pompgemaal;RO;Palinggoot;;;0;0;0;0;0;0;0;0;0;0;0;0;0;0;0;0;0;0;1
17;17/03/2017;PG-LO-PA;Pompgemaal;LO;Palinggoot;;;0;0;0;0;0;0;0;0;0;0;0;0;0;0;0;0;0;0;1
18;17/03/2017;PG-LO-PA;Pompgemaal;LO;Palinggoot;;;0;0;0;0;0;0;0;0;0;1;0;0;0;0;0;0;0;0;0
19;17/03/2017;PG-LO-PA;Pompgemaal;LO;Palinggoot;;;0;0;0;0;0;0;0;0;0;1;0;0;0;0;0;0;0;0;0
20;17/03/2017;PG-LO-PA;Pompgemaal;LO;Palinggoot;;;0;0;0;0;0;0;0;0;0;0;0;0;0;0;0;0;0;0;1
21;17/03/2017;PG-LO-PA;Pompgemaal;LO;Palinggoot;;;0;0;0;0;0;0;0;0;0;1;0;0;0;0;0;0;0;0;0
22;17/03/2017;PG-LO-PA;Pompgemaal;LO;Palinggoot;;;0;0;0;0;0;0;0;0;0;0;0;0;0;0;0;0;0;0;1
23;17/03/2017;PG-RO-SU;Pompgemaal;RO;Substraat;;;0;0;0;0;0;0;0;0;0;1;0;0;0;0;0;0;0;0;0
24;17/03/2017;PG-RO-SU;Pompgemaal;RO;Substraat;;;0;0;0;0;0;0;0;0;0;0;0;0;0;0;0;0;0;0;1
25;17/03/2017;PG-RO-SU;Pompgemaal;RO;Substraat;;;0;0;0;0;0;0;0;0;0;0;0;0;0;0;0;0;0;0;1
26;17/03/2017;PG-RO-SU;Pompgemaal;RO;Substraat;;;1;0;0;0;0;0;0;1;0;0;0;0;0;0;0;0;0;0;0
27;17/03/2017;PG-RO-SU;Pompgemaal;RO;Substraat;;;0;0;0;0;0;0;0;0;0;1;0;0;0;0;0;0;0;0;0
28;18/03/2017;PG-KR;Pompgemaal;midden;Kruisnetten;;;0;0;0;0;0;0;0;0;0;0;0;0;0;0;0;0;0;0;1
29;18/03/2017;PG-KR;Pompgemaal;midden;Kruisnetten;;;0;0;0;0;0;0;0;0;0;0;0;0;0;0;0;0;0;0;1
30;18/03/2017;PG-KR;Pompgemaal;midden;Kruisnetten;;;0;0;0;0;0;0;0;0;0;0;0;0;0;0;0;0;0;0;1
31;18/03/2017;PG-KR;Pompgemaal;midden;Kruisnetten;;;0;0;0;0;0;0;0;0;0;0;0;0;0;0;0;0;0;0;1
32;18/03/2017;PG-KR;Pompgemaal;midden;Kruisnetten;;;0;0;0;0;0;0;0;0;0;1;0;0;0;0;0;0;0;0;0
33;24/03/2017;PG-RO-PA;Pompgemaal;RO;Palinggoot;;;0;0;0;0;0;0;0;0;0;0;0;0;0;0;0;0;0;0;1
34;24/03/2017;PG-RO-PA;Pompgemaal;RO;Palinggoot;;;0;0;0;1;0;0;0;0;0;0;0;0;0;0;0;0;0;0;0
35;24/03/2017;PG-RO-PA;Pompgemaal;RO;Palinggoot;;;0;0;0;0;0;0;0;0;0;1;0;0;0;0;0;0;0;0;0
36;24/03/2017;PG-RO-PA;Pompgemaal;RO;Palinggoot;;;0;0;0;0;0;0;0;0;0;0;0;0;0;0;0;0;0;3;0
37;24/03/2017;PG-RO-PA;Pompgemaal;RO;Palinggoot;;;0;0;0;0;0;0;0;0;0;2;0;0;0;0;0;0;0;0;0
38;24/03/2017;PG-LO-PA;Pompgemaal;LO;Palinggoot;;;0;0;0;0;0;0;0;0;0;0;0;0;0;0;0;0;0;0;1
39;24/03/2017;PG-LO-PA;Pompgemaal;LO;Palinggoot;;;0;0;0;0;0;0;0;0;0;1;0;0;0;0;0;0;0;0;0
40;24/03/2017;PG-LO-PA;Pompgemaal;LO;Palinggoot;;;0;0;0;0;0;0;0;0;0;0;0;0;0;0;0;0;0;0;1
41;24/03/2017;PG-LO-PA;Pompgemaal;LO;Palinggoot;;;0;0;0;0;0;0;0;0;0;0;0;0;0;0;0;0;0;0;1
42;24/03/2017;PG-LO-PA;Pompgemaal;LO;Palinggoot;;;0;0;0;0;0;0;0;0;0;1;0;0;0;0;0;0;0;0;0
43;24/03/2017;GA-SU;Ganzepoot;midden;Substraat;;;0;0;0;0;0;0;0;0;0;1;0;0;0;0;0;0;0;0;0
44;24/03/2017;GA-SU;Ganzepoot;midden;Substraat;;;0;0;0;0;0;0;0;0;0;0;0;0;0;0;0;0;0;0;1
45;24/03/2017;GA-SU;Ganzepoot;midden;Substraat;;;0;0;0;0;0;0;0;0;0;0;0;0;0;0;0;0;0;0;1
46;24/03/2017;GA-SU;Ganzepoot;midden;Substraat;;;0;0;0;0;0;0;0;0;0;0;0;0;0;0;0;0;0;1;0
47;24/03/2017;GA-SU;Ganzepoot;midden;Substraat;;;0;0;0;0;0;0;0;0;0;0;0;0;0;0;0;0;0;0;1
48;24/03/2017;PG-RO-SU;Pompgemaal;RO;Substraat;;;0;0;0;0;0;0;0;0;0;1;0;0;0;0;0;0;0;0;0
49;24/03/2017;PG-RO-SU;Pompgemaal;RO;Substraat;;;0;0;0;0;0;0;0;0;0;1;0;0;0;0;0;0;0;0;0
50;24/03/2017;PG-RO-SU;Pompgemaal;RO;Substraat;;;0;0;0;0;0;0;0;0;0;0;0;0;0;0;0;0;0;0;1
51;24/03/2017;PG-RO-SU;Pompgemaal;RO;Substraat;;;0;0;0;0;0;0;0;0;0;0;0;0;0;0;0;0;0;0;1
52;24/03/2017;PG-RO-SU;Pompgemaal;RO;Substraat;;;0;0;0;0;0;0;0;0;0;1;0;0;0;0;0;0;0;0;0
53;24/03/2017;PG-LO-SU;Pompgemaal;LO;Substraat;;;0;0;0;0;0;0;0;0;0;0;0;0;0;0;0;0;0;0;1
54;24/03/2017;PG-LO-SU;Pompgemaal;LO;Substraat;;;0;0;0;0;0;0;0;0;0;1;0;0;0;0;0;0;0;0;0
55;24/03/2017;PG-LO-SU;Pompgemaal;LO;Substraat;;;0;0;0;0;0;0;0;0;0;1;0;0;0;0;0;0;0;0;0
56;24/03/2017;PG-LO-SU;Pompgemaal;LO;Substraat;;;0;0;0;0;0;0;0;0;0;0;0;0;0;0;0;0;0;1;0
57;24/03/2017;PG-LO-SU;Pompgemaal;LO;Substraat;;;0;0;0;0;0;0;0;0;0;0;0;0;0;0;0;0;0;0;1
58;24/03/2017;PG-KR;Pompgemaal;midden;Kruisnetten;;;0;0;0;0;0;0;0;0;0;0;0;0;0;0;0;0;0;0;1
59;24/03/2017;PG-KR;Pompgemaal;midden;Kruisnetten;;;0;0;0;0;0;0;0;0;0;0;0;0;0;0;0;0;0;1;0
60;24/03/2017;PG-KR;Pompgemaal;midden;Kruisnetten;;;1;0;0;0;0;0;0;0;0;0;0;0;0;0;0;0;0;0;0
61;24/03/2017;PG-KR;Pompgemaal;midden;Kruisnetten;;;0;0;0;0;0;0;0;0;0;1;0;0;0;0;0;0;0;1;0
62;24/03/2017;PG-KR;Pompgemaal;midden;Kruisnetten;;;0;0;0;1;0;0;0;0;0;0;0;0;0;0;0;0;0;0;0
63;31/03/2017;PG-RO-PA;Pompgemaal;RO;Palinggoot;;;0;0;0;0;0;0;0;0;0;1;0;0;0;0;0;0;0;0;0
64;31/03/2017;PG-RO-PA;Pompgemaal;RO;Palinggoot;;;0;0;0;0;0;0;0;0;0;1;0;0;0;0;0;0;0;0;0
65;31/03/2017;PG-RO-PA;Pompgemaal;RO;Palinggoot;;;0;0;0;0;0;0;0;0;0;0;0;0;0;0;0;0;0;0;1
66;31/03/2017;PG-RO-PA;Pompgemaal;RO;Palinggoot;;;0;0;0;0;0;0;0;0;0;0;0;0;0;0;0;0;0;0;1
67;31/03/2017;PG-RO-PA;Pompgemaal;RO;Palinggoot;;;0;0;0;0;0;0;0;0;0;0;0;0;0;0;0;0;0;1;0
68;31/03/2017;PG-LO-PA;Pompgemaal;LO;Palinggoot;;;0;0;0;0;0;0;0;0;0;1;0;0;0;0;0;0;0;0;0
69;31/03/2017;PG-LO-PA;Pompgemaal;LO;Palinggoot;;;0;0;0;0;0;0;0;0;0;0;0;0;0;0;0;0;0;1;0
70;31/03/2017;PG-L0-PA;Pompgemaal;LO;Palinggoot;;;0;0;0;0;0;0;0;0;0;0;0;0;0;0;0;0;0;0;1
71;31/03/2017;PG-LO-PA;Pompgemaal;LO;Palinggoot;;;0;0;0;0;0;0;0;0;0;0;0;0;0;0;0;0;0;1;0
72;31/03/2017;PG-LO-PA;Pompgemaal;LO;Palinggoot;;;0;0;0;0;0;0;0;0;0;1;0;0;0;0;0;0;0;0;0
73;31/03/2017;PG-RO-SU;Pompgemaal;RO;Substraat;;;1;0;0;0;0;0;0;0;0;0;0;0;0;0;0;0;0;0;0
74;31/03/2017;PG-RO-SU;Pompgemaal;RO;Substraat;;;0;0;0;0;0;0;0;0;0;0;0;0;0;0;0;0;0;0;1
75;31/03/2017;PG-RO-SU;Pompgemaal;RO;Substraat;;;0;0;0;0;0;0;0;0;0;1;0;0;0;0;0;0;0;0;0
76;31/03/2017;PG-RO-SU;Pompgemaal;RO;Substraat;;;0;0;0;0;0;0;0;0;0;0;0;0;0;0;0;0;0;0;1
77;31/03/2017;PG-RO-SU;Pompgemaal;RO;Substraat;;;0;0;0;0;0;0;0;0;0;2;0;0;0;0;0;0;0;0;0
78;31/03/2017;PG-LO-SU;Pompgemaal;LO;Substraat;;;0;0;0;0;0;0;0;0;0;1;0;0;0;0;0;0;0;0;0
79;31/03/2017;PG-LO-SU;Pompgemaal;LO;Substraat;;;0;0;0;0;0;0;0;0;0;0;0;0;0;0;0;0;0;0;1
80;31/03/2017;PG-LO-SU;Pompgemaal;LO;Substraat;;;0;0;0;1;0;0;0;0;0;0;0;0;0;0;0;0;0;0;0
81;31/03/2017;PG-LO-SU;Pompgemaal;LO;Substraat;;;0;0;0;0;0;0;0;0;0;0;0;0;0;0;0;0;0;0;1
82;31/03/2017;PG-LO-SU;Pompgemaal;LO;Substraat;;;0;0;0;0;0;0;0;0;0;1;0;0;0;0;0;0;0;0;0
83;1/04/2017;PG-KR;Pompgemaal;midden;Kruisnetten;;;0;0;0;0;0;0;0;0;0;1;0;0;0;0;0;0;0;0;0
84;1/04/2017;PG-KR;Pompgemaal;midden;Kruisnetten;;;0;0;0;0;0;0;0;0;0;0;0;0;0;0;0;0;0;0;1
85;1/04/2017;PG-KR;Pompgemaal;midden;Kruisnetten;;;0;0;0;0;0;0;0;0;0;0;0;0;0;0;0;0;0;1;0
86;1/04/2017;PG-KR;Pompgemaal;midden;Kruisnetten;;;0;0;0;0;0;0;0;0;0;1;0;0;0;0;0;0;0;0;0
87;1/04/2017;PG-KR;Pompgemaal;midden;Kruisnetten;;;0;0;0;0;0;0;0;0;0;0;0;0;0;0;0;0;0;0;1
88;7/04/2017;PG-RO-PA;Pompgemaal;RO;Palinggoot;;;0;0;0;0;0;0;0;0;0;0;0;0;0;0;0;0;0;0;1
89;7/04/2017;PG-RO-PA;Pompgemaal;RO;Palinggoot;;;0;0;0;0;0;0;0;0;0;0;0;0;0;0;0;0;0;0;1
90;7/04/2017;PG-RO-PA;Pompgemaal;RO;Palinggoot;;;0;0;0;0;0;0;0;0;0;2;0;0;0;0;0;0;0;0;0
91;7/04/2017;PG-RO-PA;Pompgemaal;RO;Palinggoot;;;0;0;0;0;0;0;0;0;0;1;0;0;0;0;0;0;0;0;0
92;7/04/2017;PG-RO-PA;Pompgemaal;RO;Palinggoot;;;0;0;0;0;0;0;0;0;0;0;0;0;0;0;0;0;0;0;1
93;7/04/2017;PG-LO-PA;Pompgemaal;LO;Palinggoot;;;0;0;0;0;0;0;0;0;0;1;0;0;0;0;0;0;0;0;0
94;7/04/2017;PG-LO-PA;Pompgemaal;LO;Palinggoot;;;0;0;0;0;0;0;0;0;0;0;0;0;0;0;0;0;0;0;1
95;7/04/2017;PG-LO-PA;Pompgemaal;LO;Palinggoot;;;0;0;0;0;0;0;0;0;0;0;0;0;0;0;0;0;0;0;1
96;7/04/2017;PG-LO-PA;Pompgemaal;LO;Palinggoot;;;0;0;0;0;0;0;0;0;0;0;0;0;0;0;0;0;0;0;1
97;7/04/2017;PG-LO-PA;Pompgemaal;LO;Palinggoot;;;0;0;0;0;0;0;0;0;0;1;0;0;0;0;0;0;0;0;0
98;7/04/2017;GA-SU;Ganzepoot;midden;Substraat;;;0;0;0;0;0;0;0;0;0;1;0;0;0;0;0;0;0;0;0
99;7/04/2017;GA-SU;Ganzepoot;midden;Substraat;;;0;0;0;0;0;0;0;0;0;2;0;0;0;0;0;0;0;0;0
100;7/04/2017;GA-SU;Ganzepoot;midden;Substraat;;;0;0;0;0;0;0;0;0;0;0;0;0;0;0;0;0;0;0;1
101;7/04/2017;GA-SU;Ganzepoot;midden;Substraat;;;0;0;0;0;0;0;0;0;0;1;0;0;0;0;0;0;0;0;0
102;7/04/2017;PG-LO-SU;Pompgemaal;LO;Substraat;;;0;0;0;0;0;0;0;0;0;1;0;0;0;0;0;0;0;0;0
103;7/04/2017;PG-LO-SU;Pompgemaal;LO;Substraat;;;0;0;0;0;0;0;0;0;0;0;0;0;0;0;0;0;0;1;0
104;7/04/2017;PG-LO-SU;Pompgemaal;LO;Substraat;;;0;0;0;0;0;0;0;0;0;0;0;0;0;0;0;0;0;0;1
105;7/04/2017;PG-LO-SU;Pompgemaal;LO;Substraat;;;0;0;0;0;0;1;0;0;0;0;0;0;0;0;0;0;0;0;0
106;7/04/2017;PG-LO-SU;Pompgemaal;LO;Substraat;;;0;0;0;1;0;0;0;0;0;0;0;0;0;0;0;0;0;0;0
107;7/04/2017;PG-RO-SU;Pompgemaal;RO;Substraat;;;0;0;0;0;0;0;0;0;0;1;0;0;0;0;0;0;0;0;0
108;7/04/2017;PG-RO-SU;Pompgemaal;RO;Substraat;;;0;0;0;0;0;0;0;0;0;1;0;0;0;0;0;0;0;0;0
109;7/04/2017;PG-RO-SU;Pompgemaal;RO;Substraat;;;0;0;0;0;0;0;0;1;0;0;0;0;0;0;0;0;0;0;0
110;7/04/2017;PG-RO-SU;Pompgemaal;RO;Substraat;;;0;0;0;0;0;0;0;0;0;1;0;0;0;0;0;0;0;0;0
111;7/04/2017;PG-RO-SU;Pompgemaal;RO;Substraat;;;0;0;0;0;0;0;0;0;0;1;0;0;0;0;0;0;0;0;0
112;7/04/2017;PG-KR;Pompgemaal;midden;Kruisnetten;;;0;0;0;0;0;0;0;0;0;2;0;0;0;0;0;0;0;0;0
113;7/04/2017;PG-KR;Pompgemaal;midden;Kruisnetten;;;0;0;0;0;0;0;0;1;0;0;0;0;0;0;0;0;0;0;0
114;7/04/2017;PG-KR;Pompgemaal;midden;Kruisnetten;;;0;0;0;0;0;0;0;0;0;0;0;0;0;0;0;0;0;0;1
115;7/04/2017;PG-KR;Pompgemaal;midden;Kruisnetten;;;1;0;0;0;0;0;0;0;0;2;0;0;0;0;0;0;0;0;0
116;7/04/2017;PG-KR;Pompgemaal;midden;Kruisnetten;;;0;0;0;0;0;0;0;0;0;0;0;0;0;0;0;0;0;0;1
117;14/04/2017;PG-LO-PA;Pompgemaal;LO;Palinggoot;;;0;0;0;0;0;0;0;0;0;1;0;0;0;0;0;0;0;0;0
118;14/04/2017;PG-LO-PA;Pompgemaal;LO;Palinggoot;;;0;0;0;0;0;0;0;0;0;1;0;0;0;0;0;0;0;1;0
119;14/04/2017;PG-LO-PA;Pompgemaal;LO;Palinggoot;;;0;0;0;0;0;0;0;0;7;1;0;0;2;0;0;0;0;0;0
120;14/04/2017;PG-LO-PA;Pompgemaal;LO;Palinggoot;;;0;0;0;0;0;0;0;0;0;1;0;0;0;0;0;0;0;1;0
121;14/04/2017;PG-LO-PA;Pompgemaal;LO;Palinggoot;;;1;0;0;1;0;0;0;0;29;0;0;0;0;1;0;0;0;0;0
122;14/04/2017;PG-RO-PA;Pompgemaal;RO;Palinggoot;;;0;0;0;0;0;0;0;0;1;0;0;0;1;0;0;0;0;0;0
123;14/04/2017;PG-RO-PA;Pompgemaal;RO;Palinggoot;;;0;0;0;0;0;0;0;0;0;1;0;0;0;0;0;0;0;0;0
124;14/04/2017;PG-RO-PA;Pompgemaal;RO;Palinggoot;;;0;0;0;0;0;0;0;0;0;1;0;0;0;0;0;0;0;0;0
125;14/04/2017;PG-RO-PA;Pompgemaal;RO;Palinggoot;;;0;0;0;0;0;0;0;0;6;0;0;0;0;0;0;0;0;0;0
126;14/04/2017;PG-RO-PA;Pompgemaal;RO;Palinggoot;;;0;0;0;0;0;0;0;0;19;0;0;0;0;0;1;0;0;0;0
127;14/04/2017;GA-SU;Ganzepoot;midden;Substraat;;;0;0;0;0;0;0;0;0;0;0;0;0;0;0;0;0;0;0;1
128;14/04/2017;GA-SU;Ganzepoot;midden;Substraat;;;0;0;0;0;0;0;0;0;0;1;0;0;0;0;0;0;0;0;0
129;14/04/2017;GA-SU;Ganzepoot;midden;Substraat;;;0;0;0;0;0;0;0;0;1;1;0;0;0;0;0;0;0;0;0
130;14/04/2017;GA-SU;Ganzepoot;midden;Substraat;;;0;0;0;0;0;0;0;0;0;0;0;0;0;0;0;0;0;0;1
131;14/04/2017;GA-SU;Ganzepoot;midden;Substraat;;;0;0;0;0;0;0;0;0;0;2;0;0;0;0;0;0;0;0;0
132;14/04/2017;SC-RO-SU;Sluizencomplex VA;RO;Substraat;;;0;0;0;0;0;0;0;0;3;0;0;0;0;0;0;0;0;0;0
133;14/03/2017;PG-RO-SU;Pompgemaal;RO;Substraat;;;0;0;0;0;0;0;0;0;5;0;0;0;0;0;0;0;0;0;0
134;14/03/2017;PG-RO-SU;Pompgemaal;RO;Substraat;;;0;0;0;1;0;0;0;0;18;0;0;0;0;0;0;0;0;0;0
135;14/04/2017;PG-RO-SU;Pompgemaal;RO;Substraat;;;1;0;0;0;0;0;0;0;3;1;0;0;0;0;0;0;0;0;0
136;14/03/2017;PG-RO-SU;Pompgemaal;RO;Substraat;;;0;0;0;0;0;0;0;0;17;0;0;0;0;0;0;0;0;0;0
137;14/04/2017;PG-RO-SU;Pompgemaal;RO;Substraat;;;0;0;0;0;0;0;0;0;1;0;0;0;0;0;0;0;0;0;0
138;14/04/2017;PG-LO-SU;Pompgemaal;LO;Substraat;;;0;0;0;0;0;0;0;0;0;0;0;0;0;0;0;0;0;0;1
139;14/04/2017;PG-LO-SU;Pompgemaal;LO;Substraat;;;0;0;0;0;0;0;0;0;0;1;0;0;0;0;0;0;0;0;0
140;14/04/2017;PG-LO-SU;Pompgemaal;LO;Substraat;;;0;0;0;0;0;0;0;0;0;1;0;0;0;0;0;0;0;0;0
141;14/04/2017;PG-RO-SU;Pompgemaal;RO;Substraat;;;0;0;0;0;0;0;0;0;0;1;0;0;0;0;0;0;0;0;0
142;15/04/2017;PG-KR;Pompgemaal;midden;Kruisnetten;;;0;0;0;0;0;0;0;0;0;0;0;0;0;0;0;0;0;0;1
143;15/04/2017;PG-KR;Pompgemaal;midden;Kruisnetten;;;1;0;0;0;0;0;0;0;0;1;0;0;0;0;0;0;0;0;0
144;15/04/2017;PG-KR;Pompgemaal;midden;Kruisnetten;;;0;0;0;0;0;0;0;0;0;2;0;0;0;0;0;0;0;0;0
145;15/04/2017;PG-KR;Pompgemaal;midden;Kruisnetten;;;0;0;0;0;0;0;0;0;0;0;0;0;0;0;0;0;0;0;1
146;15/04/2017;PG-KR;Pompgemaal;midden;Kruisnetten;;;0;0;0;0;0;0;0;0;0;1;0;0;0;0;0;0;0;0;0
147;21/04/2017;PG-LO-PA;Pompgemaal;LO;Palinggoot;;;0;0;0;0;0;0;0;0;1;1;0;0;0;0;0;0;0;0;0
148;21/04/2017;PG-LO-PA;Pompgemaal;LO;Palinggoot;;;0;0;0;0;0;0;0;0;0;0;0;0;0;0;0;0;0;1;0
149;21/04/2017;PG-LO-PA;Pompgemaal;LO;Palinggoot;;;0;1;0;0;0;0;0;0;13;0;0;0;0;0;0;0;0;0;0
150;21/04/2017;PG-LO-PA;Pompgemaal;LO;Palinggoot;;;0;0;0;0;0;0;0;0;9;0;0;0;0;0;0;0;0;0;0
151;21/04/2017;PG-LO-PA;Pompgemaal;LO;Palinggoot;;;1;1;0;0;0;0;0;0;3;1;0;0;0;0;0;0;0;0;0
152;21/04/2017;PG-RO-PA;Pompgemaal;RO;Palinggoot;;;0;0;0;0;0;0;0;0;8;0;0;0;0;0;0;0;0;0;0
153;21/04/2017;PG-RO-PA;Pompgemaal;RO;Palinggoot;;;2;0;0;0;0;0;1;0;1;0;0;0;0;0;0;0;0;0;0
154;21/04/2017;PG-RO-PA;Pompgemaal;RO;Palinggoot;;;0;1;0;0;0;0;0;0;10;1;0;0;0;0;0;0;0;0;0
155;21/04/2017;PG-RO-PA;Pompgemaal;RO;Palinggoot;;;0;0;0;0;0;0;0;2;7;0;0;0;0;0;0;0;0;0;0
156;21/04/2017;PG-RO-PA;Pompgemaal;RO;Palinggoot;;;0;1;0;1;0;0;0;0;45;0;0;0;0;0;0;0;0;0;0
157;21/04/2017;PG-LO-SU;Pompgemaal;LO;Substraat;;;0;0;0;0;0;0;0;0;10;1;0;0;0;0;0;0;0;0;0
158;21/04/2017;PG-LO-SU;Pompgemaal;LO;Substraat;;;0;0;0;0;0;0;0;0;2;2;0;0;0;0;0;0;0;0;0
159;21/04/2017;PG-LO-SU;Pompgemaal;LO;Substraat;;;0;0;0;0;0;0;0;0;0;1;0;0;0;0;0;0;0;0;0
160;21/04/2017;PG-LO-SU;Pompgemaal;LO;Substraat;;;0;0;0;1;0;0;0;0;3;0;0;0;0;0;0;0;0;0;0
161;11/04/2017;PG-LO-SU;Pompgemaal;LO;Substraat;;;0;0;0;0;0;0;0;0;0;0;0;0;0;0;0;0;0;0;1
162;21/04/2017;GA-SU;Ganzepoot;midden;Substraat;;;0;0;0;2;0;0;0;0;0;0;0;0;0;0;0;0;0;0;0
163;21/04/2017;GA-SU;Ganzepoot;midden;Substraat;;;0;0;0;1;0;0;0;0;0;0;0;0;0;0;0;0;0;0;0
164;21/04/2017;GA-SU;Ganzepoot;midden;Substraat;;;0;0;0;0;0;0;0;0;0;1;0;0;0;0;0;0;0;0;0
165;21/04/2017;GA-SU;Ganzepoot;midden;Substraat;;;0;0;0;0;0;0;0;0;0;0;0;0;0;0;0;0;0;0;1
166;21/04/2017;GA-SU;Ganzepoot;midden;Substraat;;;0;0;0;0;0;0;0;0;0;1;0;0;0;0;0;0;0;0;0
167;21/04/2017;MI-RO-SU;Midden VA;RO;Substraat;;;0;0;0;0;0;0;0;0;0;0;0;0;0;0;0;0;0;0;1
168;21/04/2017;MI-RO-SU;Midden VA;RO;Substraat;;;1;0;0;2;0;0;0;0;5;0;0;0;4;1;0;0;0;0;0
169;21/04/2017;MI-RO-SU;Midden VA;RO;Substraat;;;0;0;0;1;0;0;0;0;40;0;0;0;0;0;0;0;0;0;0
170;21/04/2017;MI-RO-SU;Midden VA;RO;Substraat;;;0;0;0;0;0;0;0;0;0;0;3;3;0;0;0;0;0;0;0
171;21/04/2017;MI-RO-SU;Midden VA;RO;Substraat;;;0;0;0;1;0;0;0;0;0;1;10;0;2;3;0;0;0;0;0
172;22/04/2017;PG-KR;Pompgemaal;midden;Kruisnetten;;;2;0;0;1;0;0;0;0;0;1;0;0;0;4;0;0;0;0;0
173;22/04/2017;PG-KR;Pompgemaal;midden;Kruisnetten;;;0;0;0;0;0;0;0;0;0;2;0;0;0;0;0;0;0;0;0
174;22/04/2017;PG-KR;Pompgemaal;midden;Kruisnetten;;;0;0;0;1;0;0;0;0;2;2;0;0;0;0;0;0;0;0;0
175;22/04/2017;PG-KR;Pompgemaal;midden;Kruisnetten;;;0;0;0;0;0;0;0;0;2;1;0;0;0;2;0;0;0;0;0
176;28/04/2017;PG-RO-PA;Pompgemaal;RO;Palinggoot;;;0;5;0;0;0;0;0;0;39;0;0;0;0;0;0;0;0;0;0
177;5/05/2017;PG-RO-PA;Pompgemaal;RO;Palinggoot;;;0;3;0;0;0;0;0;0;18;0;0;0;0;0;0;0;0;0;0
178;28/04/2017;PG-RO-PA;Pompgemaal;RO;Palinggoot;;;0;0;0;0;0;0;0;0;21;0;0;0;0;0;0;0;0;0;0
179;28/04/2017;PG-RO-PA;Pompgemaal;RO;Palinggoot;;;0;0;0;0;0;0;0;0;17;0;0;0;0;0;0;0;0;0;0
180;28/04/2017;PG-RO-PA;Pompgemaal;RO;Palinggoot;;;0;0;0;0;0;0;0;0;27;0;0;0;0;0;0;0;0;0;0
181;28/04/2017;PG-LO-PA;Pompgemaal;LO;Palinggoot;;;0;0;0;0;0;0;0;0;0;1;0;0;0;0;0;0;0;0;0
182;28/04/2017;PG-LO-PA;Pompgemaal;LO;Palinggoot;;;2;0;0;0;0;0;0;0;0;0;0;1;0;0;0;0;1;1;0
183;28/04/2017;PG-LO-PA;Pompgemaal;LO;Palinggoot;;;0;0;0;0;0;0;0;0;2;1;0;0;0;0;0;0;0;0;0
184;28/04/2017;PG-LO-PA;Pompgemaal;LO;Palinggoot;;;2;0;0;0;0;0;0;0;17;2;0;0;1;0;0;0;0;0;0
185;28/04/2017;PG-LO-PA;Pompgemaal;LO;Palinggoot;;;0;0;0;0;0;0;0;0;60;1;0;0;1;0;0;0;0;0;0
186;28/04/2017;PG-RO-SU;Pompgemaal;RO;Substraat;;;1;0;0;0;0;0;0;0;69;2;0;0;0;0;0;0;0;0;0
187;28/04/2017;PG-RO-SU;Pompgemaal;RO;Substraat;;;1;0;0;1;0;0;0;0;56;0;0;0;7;0;0;0;0;0;0
188;28/04/2017;PG-RO-SU;Pompgemaal;RO;Substraat;;;0;2;0;1;0;0;0;0;34;0;0;0;0;1;0;0;0;0;0
189;28/04/2017;PG-RO-SU;Pompgemaal;RO;Substraat;;;0;0;0;0;0;0;0;0;2;1;0;0;0;0;0;0;0;0;0
190;28/04/2017;PG-RO-SU;Pompgemaal;RO;Substraat;;;0;0;0;0;0;0;0;0;0;1;0;0;0;0;0;0;0;0;0
191;28/04/2017;PG-LO-SU;Pompgemaal;LO;Substraat;;;0;3;0;2;0;0;0;0;148;1;0;0;0;0;0;0;0;0;0
192;28/04/2017;PG-LO-SU;Pompgemaal;LO;Substraat;;;1;12;0;0;0;0;0;0;4;0;0;2;64;0;0;0;0;0;0
193;28/04/2017;PG-LO-SU;Pompgemaal;LO;Substraat;;;1;0;0;0;0;0;0;0;0;0;0;0;0;0;0;0;0;0;0
194;28/04/2017;PG-LO-SU;Pompgemaal;LO;Substraat;;;1;0;0;1;0;0;0;0;65;0;0;0;1;0;0;0;0;0;0
195;28/04/2017;PG-LO-SU;Pompgemaal;LO;Substraat;;;1;0;0;1;0;0;0;0;124;0;0;0;6;0;0;0;0;0;0
196;5/05/2017;PG-LO-PA;Pompgemaal;LO;Palinggoot;;;0;0;0;1;0;0;0;0;4;2;0;0;0;0;0;0;0;0;0
197;5/05/2017;PG-LO-PA;Pompgemaal;LO;Palinggoot;;;0;0;0;0;0;0;0;0;0;2;0;0;0;0;0;0;0;0;0
198;5/05/2017;PG-LO-PA;Pompgemaal;LO;Palinggoot;;;0;0;0;1;0;0;0;0;10;3;0;0;0;0;0;0;0;0;0
199;5/05/2017;PG-LO-PA;Pompgemaal;LO;Palinggoot;;;0;0;0;0;0;0;0;0;0;1;0;0;0;0;0;0;0;0;0
200;5/05/2017;PG-LO-PA;Pompgemaal;LO;Palinggoot;;;0;2;0;1;0;0;0;0;10;0;0;0;1;0;0;0;0;0;0
201;5/05/2017;PG-RO-PA;Pompgemaal;RO;Palinggoot;;;0;1;0;0;0;0;0;0;2;1;0;0;0;0;0;0;0;0;0
202;5/05/2017;PG-RO-PA;Pompgemaal;RO;Palinggoot;;;0;0;0;1;0;0;0;0;12;1;0;0;0;2;0;0;0;0;0
203;5/05/2017;PG-RO-PA;Pompgemaal;RO;Palinggoot;;;0;1;0;0;0;0;0;0;3;0;0;0;15;0;0;0;0;4;0
204;5/05/2017;PG-RO-PA;Pompgemaal;RO;Palinggoot;;;1;0;0;1;0;0;0;0;40;1;0;0;0;0;0;0;0;0;0
205;5/05/2017;PG-RO-PA;Pompgemaal;RO;Palinggoot;;;0;0;0;1;0;0;0;0;2;0;0;0;0;0;0;0;0;0;0
206;5/05/2017;SC-RO-SU;Sluizencomplex VA;RO;Substraat;;;0;0;0;0;0;0;1;0;2;0;0;0;0;1;0;1;0;0;0
207;5/05/2017;SC-RO-SU;Sluizencomplex VA;RO;Substraat;;;0;0;0;1;0;0;0;0;8;0;0;0;0;0;0;0;0;0;0
208;5/05/2017;SC-RO-SU;Sluizencomplex VA;RO;Substraat;;;0;0;0;0;0;0;0;0;5;2;0;0;0;1;0;0;0;0;0
209;5/05/2017;SC-RO-SU;Sluizencomplex VA;RO;Substraat;;;0;1;0;1;0;0;0;0;0;0;0;0;0;3;0;0;0;0;0
210;5/05/2017;SC-RO-SU;Sluizencomplex VA;RO;Substraat;;;0;0;0;1;0;1;0;0;35;1;0;0;0;2;0;0;0;0;0
211;5/05/2017;MI-RO-SU;Midden VA;RO;Substraat;;;0;0;0;1;0;0;0;0;7;0;0;0;0;0;0;0;0;0;0
212;5/05/2017;MI-RO-SU;Midden VA;RO;Substraat;;;0;0;0;1;0;0;0;0;9;0;0;0;0;1;0;0;0;0;0
213;5/05/2017;MI-RO-SU;Midden VA;RO;Substraat;;;1;0;0;1;0;0;0;0;1;1;0;0;0;1;0;0;0;0;0
214;5/05/2017;MI-RO-SU;Midden VA;RO;Substraat;;;0;1;0;1;0;0;1;0;9;0;0;0;0;3;0;0;0;0;0
215;5/05/2017;MI-RO-SU;Midden VA;RO;Substraat;;;0;0;0;1;0;0;0;0;0;0;0;0;0;0;0;0;0;0;0
216;12/05/2017;PG-RO-PA;Pompgemaal;RO;Palinggoot;;;0;4;0;0;0;0;0;0;9;0;0;0;0;0;0;0;0;0;0
217;12/05/2017;PG-RO-PA;Pompgemaal;RO;Palinggoot;;;0;4;0;0;0;0;0;0;3;3;0;0;0;0;0;0;0;0;0
218;12/05/2017;PG-RO-PA;Pompgemaal;RO;Palinggoot;;;1;6;0;0;0;0;0;0;2;2;0;0;0;0;0;0;0;0;0
219;12/05/2017;PG-RO-PA;Pompgemaal;RO;Palinggoot;;;0;1;1;0;1;0;0;0;0;0;0;0;0;0;0;0;0;0;0
220;12/05/2017;PG-R0-PA;Pompgemaal;RO;Palinggoot;;;0;3;0;1;0;0;0;0;0;0;0;0;1;0;0;0;0;0;0
221;12/05/2017;SC-RO-SU;Sluizencomplex VA;RO;Substraat;;;0;0;0;1;0;0;0;0;0;0;0;0;0;0;0;0;0;0;0
222;12/05/2017;SC-RO-SU;Sluizencomplex VA;RO;Substraat;;;0;0;0;2;0;0;0;0;0;0;0;0;0;1;0;0;0;0;0
223;12/05/2017;SC-RO-SU;Sluizencomplex VA;RO;Substraat;;;0;0;0;1;0;0;1;0;26;1;0;0;0;2;0;0;0;0;0
224;12/05/2017;SC-RO-SU;Sluizencomplex VA;RO;Substraat;;;0;0;0;2;0;0;0;0;0;0;0;0;2;2;0;0;0;0;0
225;12/05/2017;SC-RO-SU;Sluizencomplex VA;RO;Substraat;;;0;0;0;1;0;0;0;0;0;1;0;0;0;5;0;0;0;0;0
226;12/05/2017;MI-RO-SU;Midden VA;RO;Substraat;;;0;0;0;2;0;0;0;0;0;0;0;0;0;0;0;0;0;0;0
227;12/05/2017;MI-RO-SU;Midden VA;RO;Substraat;;;0;0;0;0;0;0;1;0;8;3;0;0;0;6;0;0;0;0;0
228;12/05/2017;MI-RO-SU;Midden VA;RO;Substraat;;;0;0;0;1;0;0;0;0;0;0;0;0;0;0;0;0;0;0;0
229;12/05/2017;MI-RO-SU;Midden VA;RO;Substraat;;;0;0;0;1;0;0;0;0;1;0;1;0;0;1;0;0;0;0;0
230;12/05/2017;MI-RO-SU;Midden VA;RO;Substraat;;;1;0;0;0;0;0;0;0;6;1;0;0;0;0;0;0;0;0;0
231;12/05/2017;PG-LO-PA;Pompgemaal;LO;Palinggoot;;;0;0;0;0;0;0;0;0;5;2;0;0;0;0;0;0;0;0;0
232;12/05/2017;PG-LO-PA;Pompgemaal;LO;Palinggoot;;;0;0;0;0;0;0;0;0;9;2;0;0;2;0;0;0;0;0;0
233;12/05/2017;PG-LO-PA;Pompgemaal;LO;Palinggoot;;;0;1;0;1;0;0;0;0;4;1;0;0;0;0;0;0;0;0;0
234;12/05/2017;PG-LO-PA;Pompgemaal;LO;Palinggoot;;;0;0;0;0;0;0;0;0;6;0;0;2;9;0;0;0;0;0;0
235;12/05/2017;PG-LO-PA;Pompgemaal;LO;Palinggoot;;;0;1;0;1;0;0;1;0;0;1;0;0;0;2;0;0;0;0;0
236;13/05/2017;PG-RO-PA;Pompgemaal;RO;Palinggoot;;;0;3;0;2;0;0;0;0;21;0;0;0;0;0;0;0;0;0;0
237;19/05/2017;PG-RO-PA;Pompgemaal;RO;Palinggoot;;;0;1;0;1;0;0;0;0;1;2;1;0;1;0;0;0;0;0;0
238;19/05/2017;PG-RO-PA;Pompgemaal;RO;Palinggoot;;;0;18;0;0;0;0;0;0;11;1;0;0;0;0;0;0;0;0;0
239;19/05/2017;PG-RO-PA;Pompgemaal;RO;Palinggoot;;;1;2;0;1;0;0;0;0;6;1;0;0;0;0;0;0;0;0;0
240;19/05/2017;PG-RO-PA;Pompgemaal;RO;Palinggoot;;;0;2;0;1;0;0;0;0;16;1;0;0;0;0;0;0;0;0;0
241;19/05/2017;PG-LO-PA;Pompgemaal;LO;Palinggoot;;;1;1;0;2;0;0;0;0;1;0;0;0;3;0;1;0;0;0;0
242;15/05/2017;PG-LO-PA;Pompgemaal;LO;Palinggoot;;;0;0;0;0;0;0;0;0;0;0;0;0;0;0;0;0;0;0;1
243;15/05/2017;PG-LO-PA;Pompgemaal;LO;Palinggoot;;;0;0;0;0;0;0;0;0;0;1;0;0;0;0;0;0;0;0;0
244;19/05/2017;PG-LO-PA;Pompgemaal;LO;Palinggoot;;;0;0;0;0;0;0;0;0;1;3;0;0;0;0;0;0;0;0;0
245;19/05/2017;PG-LO-PA;Pompgemaal;LO;Palinggoot;;;0;1;0;1;0;0;1;0;13;0;0;0;0;0;0;0;0;0;0
246;19/05/2017;SC-LO-SU;Sluizencomplex VA;LO;Substraat;;;0;0;0;1;0;0;0;0;1;0;0;0;0;1;0;0;0;0;0
247;15/05/2017;SC-LO-SU;Sluizencomplex VA;LO;Substraat;;;0;0;0;2;0;0;1;0;0;0;1;0;0;1;0;0;0;0;0
248;19/05/2017;SC-LO-SU;Sluizencomplex VA;LO;Substraat;;;0;0;0;1;0;0;1;0;1;0;4;0;0;2;0;0;0;0;0
249;19/05/2017;SC-LO-SU;Sluizencomplex VA;LO;Substraat;;;1;0;0;4;0;0;0;0;3;14;1;0;0;8;0;0;0;0;0
250;19/05/2017;SC-LO-SU;Sluizencomplex VA;LO;Substraat;;;0;0;0;2;0;0;0;0;0;0;1;0;0;3;0;0;0;0;0
251;19/05/2017;MI-RO-SU;Midden VA;RO;Substraat;;;2;0;0;2;0;0;0;0;0;0;0;0;0;0;0;0;0;0;0
252;19/05/2017;MI-RO-SU;Midden VA;RO;Substraat;;;0;0;0;0;0;0;0;0;0;2;0;0;0;0;0;0;0;0;0
253;19/05/2017;MI-RO-SU;Midden VA;RO;Substraat;;;0;0;0;2;0;0;0;0;0;1;0;0;0;0;0;0;0;0;0
254;19/05/2017;MI-RO-SU;Midden VA;RO;Substraat;;;0;0;0;1;0;0;0;0;0;0;1;0;0;6;0;0;0;0;0
255;19/05/2017;MI-RO-SU;Midden VA;RO;Substraat;;;1;0;0;1;0;0;1;0;0;0;2;0;0;0;0;0;0;0;0
256;24/05/2017;PG-LO-PA;Pompgemaal;LO;Palinggoot;;;0;0;0;1;0;0;0;0;0;0;0;0;0;1;0;0;0;0;0
257;24/05/2017;PG-LO-PA;Pompgemaal;LO;Palinggoot;;;0;0;0;1;0;0;0;0;1;0;0;0;0;0;0;0;0;0;0
258;24/05/2017;PG-LO-PA;Pompgemaal;LO;Palinggoot;;;0;4;0;2;0;1;0;0;4;1;0;0;1;0;0;0;0;0;0
259;24/05/2017;PG-LO-PA;Pompgemaal;LO;Palinggoot;;;0;8;0;1;0;0;0;0;0;1;0;0;0;0;0;0;0;0;0
260;24/05/2017;PG-LO-PA;Pompgemaal;LO;Palinggoot;;;0;0;0;0;0;0;0;0;3;1;11;0;0;0;0;0;0;0;0
261;24/05/2017;PG-RO-PA;Pompgemaal;RO;Palinggoot;;;0;4;0;1;0;0;0;0;28;2;0;0;0;0;0;0;0;0;0
262;24/05/2017;PG-RO-PA;Pompgemaal;RO;Palinggoot;;;0;21;0;0;0;0;0;0;1;0;0;0;0;0;0;0;0;0;0
263;24/05/2017;PG-RO-PA;Pompgemaal;RO;Palinggoot;;;0;2;0;1;0;0;0;0;5;0;0;0;0;0;0;0;0;0;0
264;24/05/2017;PG-RO-PA;Pompgemaal;RO;Palinggoot;;;0;17;0;1;0;0;0;0;2;0;0;0;0;0;0;0;0;0;0
265;24/05/2017;PG-RO-PA;Pompgemaal;RO;Palinggoot;;;0;0;0;1;0;0;0;0;8;0;0;0;0;0;0;0;0;0;0
266;24/05/2017;PG-LO-SU;Pompgemaal;LO;Substraat;;;0;0;0;1;0;0;0;0;6;0;2;0;0;41;0;0;0;1;0
267;24/05/2017;PG-LO-SU;Pompgemaal;LO;Substraat;;;1;13;0;4;0;0;0;0;52;2;1;0;12;13;0;0;0;0;0
268;24/05/2017;PG-LO-SU;Pompgemaal;LO;Substraat;;;2;0;0;0;0;0;0;0;4;1;0;0;0;30;0;0;0;0;0
269;24/05/2017;PG-LO-SU;Pompgemaal;LO;Substraat;;;0;0;0;1;0;0;1;1;0;0;0;0;0;0;0;0;0;0;0
270;24/05/2017;PG-LO-SU;Pompgemaal;LO;Substraat;;;1;0;0;1;0;0;0;0;0;1;0;0;0;1;0;0;0;0;0
271;24/05/2017;MI-RO-SU;Midden VA;RO;Substraat;;;0;0;0;1;0;0;0;0;0;2;0;0;7;31;0;0;0;0;0
272;24/05/2017;MI-RO-SU;Midden VA;RO;Substraat;;;0;1;0;1;0;0;0;0;7;2;0;0;0;2;0;0;0;0;0
273;24/05/2017;MI-RO-SU;Midden VA;RO;Substraat;;;1;0;0;1;0;0;0;0;2;1;2;0;0;126;0;0;0;0;0
274;24/05/2017;MI-RO-SU;Midden VA;RO;Substraat;;;2;0;0;1;0;0;0;0;1;0;0;0;0;6;0;0;0;0;0
275;24/05/2017;MI-RO-SU;Midden VA;RO;Substraat;;;0;0;0;1;1;0;0;0;0;1;0;0;0;15;0;0;0;0;0
276;24/05/2017;SC-RO-SU;Sluizencomplex VA;RO;Substraat;;;0;0;0;3;0;0;0;0;0;0;2;0;0;5;0;0;0;0;0
