nr;Potje staart vetzuuranalyse;Potje Maaginhoud;Vetzuuranalyse;datum;Locatie;Gewicht Glasaal;Gewicht maag-darmstelsel;Opmerkingen;Microplastics/Contaminatie/vezels (katoen?);;Cladocera sp.;;Annelida;;Polychaete;;Isopoda;;Diptera sp.;;Chironomide thummi-plummosus;;Crustaceae sp.;;Cyclopoida sp.;;Invertebrata (larve) sp.;;Daphnidae sp. (ingekapseld);;Cladocera sp. (Chydorus sphaericus);;Amphipoda sp.;;Calanoide Copepode (Pseudocalanus elongatus);;Gammarus;;Calanoide copepode;;unidentifiable eggs;;Copepoda sp.;;Copepoda (Oithona similis, male);;Harpacticoid Copepod;;Pleuroxus sp.;;Chydorus sp.;;Detritus/plantenafval;;Plantae sp.;;Pennate diatomee;;Detritus met schimmelfilamenten;;Invertebrate sp.;;Hexapode sp. ();;keverlarve;;Chironomide (Non thummi plumosus);;Nereis sp.;;Amphipode (Atylus sp.);;Chironomide sp.;;Simulium sp.;;
60;A;1;;24/03/2017;PG-KR;0,211;0,211;;1;;0;;0;;0;;0;;0;;0;;0;;0;;0;;0;;0;;0;;0;;0;;0;;0;;0;;0;;0;;0;;0;;0;;0;;0;;0;;0;;0;;0;;0;;0;;0;;0;;0;;
278;A;1;;12/05/2017;MI-RO-SU;0,294;0,021;;0;;0;;0;;1;;0;;0;;0;;0;;0;;0;;0;;0;;0;;0;;0;;0;;0;;0;;0;;0;;0;;0;;0;;0;;0;;0;;0;;0;;0;;0;;0;;0;;0;;0;;
215;A;1;;5/05/2017;MI-RO-SU;0,211;0,013;;0;;0;;0;;1;;0;;0;;0;;0;;0;;0;;0;;0;;0;;0;;0;;0;;0;;0;;0;;0;;0;;0;;0;;0;;0;;0;;0;;0;;0;;0;;0;;0;;0;;0;;
183;A;1;;28/04/2017;PG-LO-SU;0,147;0,001;;1;;0;;0;;0;;0;;0;;0;;0;;0;;0;;0;;0;;0;;0;;0;;0;;0;;0;;0;;0;;0;;0;;0;;0;;0;;0;;0;;0;;0;;0;;0;;0;;0;;0;;
219;A;1;;12/05/2017;PG-RO-PA;0,227;0,006;;0;;1;;1;;0;;1;;0;;0;;0;;0;;0;;0;;0;;0;;0;;0;;0;;0;;0;;0;;0;;0;;0;;0;;0;;0;;0;;0;;0;;0;;0;;0;;0;;0;;0;;
242;A;1;;15/05/2017;PG-LO-PA;0,200;0,009;Maaginhoud nog te analyseren;0;;0;;0;;0;;0;;0;;0;;0;;0;;0;;0;;0;;0;;0;;0;;0;;0;;0;;0;;0;;0;;0;;0;;0;;0;;0;;0;;0;;0;;0;;0;;0;;0;;0;;
105;A;1;;7/04/2017;PG-LO-SU;0,227;0,002;maagdarm wss niet in een stuk uitgehaald;0;;0;;0;;0;;0;;1;;0;;0;;0;;0;;0;;0;;0;;0;;0;;0;;0;;0;;0;;0;;0;;0;;0;;0;;0;;0;;0;;0;;0;;0;;0;;0;;0;;0;;
15;A;1;;17/03/2017;PG-RO-PA;0,110;0,003;;0;;0;;0;;0;;0;;0;;0;;0;;0;;0;;0;;0;;0;;0;;0;;0;;0;;0;;0;;0;;0;;0;;0;;0;;0;;0;;0;;0;;0;;0;;0;;0;;0;;0;;
269;A;1;;24/05/2017;PG-LO-SU;0,274;0,022;;0;;0;;0;;1;;0;;0;;1;;1;;0;;0;;0;;0;;0;;0;;0;;0;;0;;0;;0;;0;;0;;0;;0;;0;;0;;0;;0;;0;;0;;0;;0;;0;;0;;0;;
92;A;1;;7/04/2017;PG-RO-PA;0,176;0,004;;0;;0;;0;;0;;0;;0;;0;;0;;0;;0;;0;;0;;0;;0;;0;;0;;0;;0;;0;;0;;0;;0;;0;;0;;0;;0;;0;;0;;0;;0;;0;;0;;0;;0;;
155;A;1;;21/04/2017;PG-RO-PA;0,118;0,006;"maagdarm zeer goed uitgeprepareerd; maag en darm gevuld met oranje substantie";0;;0;;0;;0;;0;;0;;0;;2;;7;;0;;0;;0;;0;;0;;0;;0;;0;;0;;0;;0;;0;;0;;0;;0;;0;;0;;0;;0;;0;;0;;0;;0;;0;;0;;
181;A;1;;28/04/2017;PG-LO-PA;0,193;0,018;gevonden onbekende larve zeer groot;0;;0;;0;;0;;0;;0;;0;;0;;0;;1;;0;;0;;0;;0;;0;;0;;0;;0;;0;;0;;0;;0;;0;;0;;0;;0;;0;;0;;0;;0;;0;;0;;0;;0;;
259;A;1;;24/05/2017;PG-LO-PA;0,202;0,022;gevonden onbekende larve zeer groot;0;;0;;0;;1;;0;;0;;0;;0;;0;;1;;1;;7;;0;;0;;0;;0;;0;;0;;0;;0;;0;;0;;0;;0;;0;;0;;0;;0;;0;;0;;0;;0;;0;;0;;
74;A;2;;31/03/2017;PG-RO-SU;0,235;0,006;onidentificeerbaar teer hoopje cellen in de maag, nog eens bekijken met sterkere vergroting;0;;0;;0;;0;;0;;0;;0;;0;;0;;0;;0;;0;;0;;0;;0;;0;;0;;0;;0;;0;;0;;0;;0;;0;;0;;0;;0;;0;;0;;0;;0;;0;;0;;0;;
243;A;2;;15/05/2017;PG-LO-PA;0,130;0,01;"te verteerde onidentificeerbare massa;";0;;0;;0;;0;;0;;0;;0;;0;;0;;1;;0;;0;;0;;0;;0;;0;;0;;0;;0;;0;;0;;0;;0;;0;;0;;0;;0;;0;;0;;0;;0;;0;;0;;0;;
170;A;2;;21/04/2017;MI-RO-SU;0,156;0,01;Nog eens nagaan, misschien verder determineren;0;;0;;0;;0;;0;;0;;0;;0;;0;;0;;0;;0;;2;;3;;1;;0;;0;;0;;0;;0;;0;;0;;0;;0;;0;;0;;0;;0;;0;;0;;0;;0;;0;;0;;
182;A;2;;28/04/2017;PG-LO-PA;0,190;0,012;3 onidentificeerbare massa's gevonden, zitten op draagglaasjes;2;;0;;0;;0;;0;;0;;0;;0;;0;;0;;0;;0;;0;;0;;0;;1;;22;;0;;0;;0;;0;;0;;0;;1;;1;;0;;0;;0;;0;;0;;0;;0;;0;;0;;
234;A;2;;12/05/2017;PG-LO-PA;0,205;0,014;Foto van 1 onbekende copepode genomen, checken: IMG_20181113_200918567;0;;0;;0;;0;;0;;0;;0;;0;;5;;0;;0;;0;;0;;0;;0;;2;;0;;9;;1;;0;;0;;0;;0;;0;;0;;0;;0;;0;;0;;0;;0;;0;;0;;0;;
85;A;2;;1/04/2017;PG-KR;0,233;0,009;"Onbekende groene structuur, zit in de map + foto (alg?); maag leek wel gevuld, maar eventueel microscopische organismen. Niets ter grote van een copepode";0;;0;;0;;0;;0;;0;;0;;0;;0;;0;;0;;0;;0;;0;;0;;0;;0;;0;;0;;0;;0;;0;;1;;0;;0;;0;;0;;0;;0;;0;;0;;0;;0;;0;;
100;A;2;;7/04/2017;GA-SU;0,229;0,007;Onbekende tandachtige structuur, foto genomen;0;;0;;0;;0;;0;;0;;0;;0;;0;;0;;0;;0;;0;;0;;0;;0;;0;;0;;0;;0;;0;;0;;0;;0;;0;;0;;0;;0;;0;;0;;0;;0;;0;;0;;
158;A;2;;21/04/2017;PG-LO-SU;0,179;0,008;Maybe a polychaete, but was very digested so nothing recognizable, stomach was not empty however;0;;0;;0;;0;;0;;0;;0;;0;;0;;1;;0;;0;;0;;0;;0;;0;;1;;0;;0;;0;;0;;0;;0;;0;;0;;0;;0;;0;;0;;0;;0;;0;;0;;0;;
80;A;2;;31/03/2017;PG-LO-SU;0,180;0,007;Onbekende voedselbolus met draadvormige structuren in, foto, doorgemaild naar PJ;0;;0;;0;;1;;0;;0;;0;;0;;0;;0;;0;;0;;0;;0;;0;;0;;0;;0;;0;;0;;0;;0;;0;;0;;0;;0;;0;;0;;0;;0;;0;;0;;0;;0;;
192;A;2;;28/04/2017;PG-LO-SU;0,170;0,019;"Pleuroxus is misschien Chydorus; De andere cladoceer is misschien Chydorus sphaericus; onherkenbare felblauwe structuur gevonden";1;;11;;0;;0;;0;;0;;0;;0;;4;;0;;0;;0;;0;;0;;0;;2;;1;;64;;0;;0;;1;;0;;0;;0;;0;;0;;0;;0;;0;;0;;0;;0;;0;;0;;
203;A;3;;5/05/2017;PG-RO-PA;0,178;0,009;Joekel van een copepode nog eens aan marleen tonen;0;;0;;0;;0;;0;;0;;0;;0;;3;;0;;0;;0;;0;;0;;0;;0;;0;;15;;0;;0;;0;;1;;3;;0;;0;;1;;0;;0;;0;;0;;0;;0;;0;;0;;
87;A;3;;1/04/2017;PG-KR;0,243;0,0087;;0;;0;;0;;0;;0;;0;;0;;0;;0;;0;;0;;0;;0;;0;;0;;0;;0;;0;;0;;0;;0;;0;;0;;0;;0;;0;;0;;0;;0;;0;;0;;0;;0;;0;;
106;A;3;;7/04/2017;PG-LO-SU;0,108;0,0047;;0;;0;;0;;1;;0;;0;;0;;0;;0;;0;;0;;0;;0;;0;;0;;0;;0;;0;;0;;0;;0;;0;;0;;0;;0;;0;;0;;0;;0;;0;;0;;0;;0;;0;;
14;A;3;;17/03/2017;PG-RO-PA;0,250;0,007;Polychaete worm wss, maar best nog eens checken;0;;0;;0;;1;;0;;0;;0;;0;;0;;0;;0;;0;;0;;0;;0;;0;;0;;0;;0;;0;;0;;0;;0;;0;;0;;0;;0;;0;;0;;0;;0;;0;;0;;0;;
13;A;3;;17/03/2017;PG-RO-PA;0,223;0,009;Misschien Polychaeta, nog eens checken;0;;0;;0;;1;;0;;0;;0;;0;;0;;0;;0;;0;;0;;0;;0;;0;;0;;0;;0;;0;;0;;0;;0;;0;;0;;0;;0;;0;;0;;0;;0;;0;;0;;0;;
62;A;3;;24/03/2017;PG-KR;0,188;0,0071;;0;;0;;0;;1;;0;;0;;0;;0;;0;;0;;0;;0;;0;;0;;0;;0;;0;;0;;0;;0;;0;;0;;0;;0;;0;;0;;0;;0;;0;;0;;0;;0;;0;;0;;
34;A;3;;24/03/2017;PG-RO-PA;0,191;0,0085;"Plantenmateriaal gevonden; ";0;;0;;0;;1;;0;;0;;0;;0;;0;;0;;0;;0;;0;;0;;0;;0;;0;;0;;0;;0;;0;;0;;0;;0;;0;;0;;0;;0;;0;;0;;0;;0;;0;;0;;
27;A;3;;17/03/2017;PG-RO-SU;0,158;0,0035;;0;;0;;0;;0;;0;;0;;0;;0;;0;;1;;0;;0;;0;;0;;0;;0;;0;;0;;0;;0;;0;;0;;0;;0;;0;;0;;0;;0;;0;;0;;0;;0;;0;;0;;
56;A;3;;24/03/2017;PG-LO-SU;0,156;0,0065;;0;;0;;0;;0;;0;;0;;0;;0;;0;;0;;0;;0;;0;;0;;0;;0;;0;;0;;0;;0;;0;;0;;1;;0;;0;;0;;0;;0;;0;;0;;0;;0;;0;;0;;
36;A;3;;24/03/2017;PG-RO-PA;0,061;0,004;;0;;0;;0;;0;;0;;0;;0;;0;;0;;0;;0;;0;;0;;0;;0;;0;;1;;0;;0;;0;;0;;0;;3;;0;;0;;0;;0;;0;;0;;0;;0;;0;;0;;0;;
40;A;3;;24/03/2017;PG-LO-PA;0,203;0,004;;0;;0;;0;;0;;0;;0;;0;;0;;0;;0;;0;;0;;0;;0;;0;;0;;0;;0;;0;;0;;0;;0;;0;;0;;0;;0;;0;;0;;0;;0;;0;;0;;0;;0;;
53;A;3;;24/03/2017;PG-LO-SU;0,194;0,0038;;0;;0;;0;;0;;0;;0;;0;;0;;0;;0;;0;;0;;0;;0;;0;;0;;0;;0;;0;;0;;0;;0;;0;;0;;0;;0;;0;;0;;0;;0;;0;;0;;0;;0;;
54;A;4;;24/03/2017;PG-LO-SU;0,147;0,0052;;0;;0;;0;;0;;0;;0;;0;;0;;0;;1;;0;;0;;0;;0;;0;;0;;0;;0;;0;;0;;0;;0;;0;;0;;0;;0;;0;;0;;0;;0;;0;;0;;0;;0;;
33;B;4;;24/03/2017;PG-RO-PA;0,223;0,008;;0;;0;;0;;0;;0;;0;;0;;0;;0;;0;;0;;0;;0;;0;;0;;0;;0;;0;;0;;0;;0;;0;;0;;0;;0;;0;;0;;0;;0;;0;;0;;0;;0;;0;;
44;B;4;;24/03/2017;GA-SU;0,106;0,0032;"Vergeten gewicht maag-darmstelsel op te schrijven; getal is een  schatting, onbekend stuk organisme in de map";0;;0;;0;;0;;0;;0;;0;;0;;0;;0;;0;;0;;0;;0;;0;;0;;0;;0;;0;;0;;0;;0;;0;;0;;0;;0;;0;;0;;0;;0;;0;;0;;0;;0;;
6;B;4;;10/03/2017;PG-LO-PA;0,199;0,0055;;0;;0;;0;;0;;0;;0;;0;;0;;0;;0;;0;;0;;0;;0;;0;;0;;0;;0;;0;;0;;0;;0;;0;;0;;0;;0;;0;;0;;0;;0;;0;;0;;0;;0;;
31;B;4;;18/03/2017;PG-KR;0,250;0,0059;maag niet leeg maar onidentificeerbaar;0;;0;;0;;0;;0;;0;;0;;0;;0;;0;;0;;0;;0;;0;;0;;0;;0;;0;;0;;0;;0;;0;;0;;0;;0;;0;;0;;0;;0;;0;;0;;0;;0;;0;;
81;B;4;;31/03/2017;PG-LO-SU;0,190;0,0074;"Inhoud maag in de map; kopstructuur worm?";0;;0;;0;;0;;0;;0;;0;;0;;0;;0;;0;;0;;0;;0;;0;;0;;0;;0;;0;;0;;0;;0;;0;;0;;0;;0;;0;;0;;0;;0;;0;;0;;0;;0;;
265;B;4;;24/05/2017;PG-RO-PA;0,191;0,0087;;0;;0;;0;;1;;0;;0;;0;;0;;8;;0;;0;;0;;0;;0;;0;;0;;0;;0;;0;;0;;0;;0;;0;;0;;0;;0;;0;;0;;0;;0;;0;;0;;0;;0;;
26;B;4;;17/03/2017;PG-RO-SU;0,265;0,0079;;1;;0;;0;;0;;0;;0;;0;;1;;0;;0;;0;;0;;0;;0;;0;;0;;0;;0;;0;;0;;0;;0;;0;;0;;0;;0;;0;;0;;0;;0;;0;;0;;0;;0;;
158;B;4;;21/04/2017;PG-LO-SU;;0,0108;Gewicht vergeten meten;0;;0;;0;;0;;0;;0;;0;;0;;2;;0;;0;;0;;0;;0;;0;;0;;0;;0;;0;;0;;0;;0;;0;;0;;0;;0;;2;;0;;0;;0;;0;;0;;0;;0;;
23;B;4;;17/03/2017;PG-RO-SU;0,191;0,0035;;0;;0;;0;;0;;0;;0;;0;;0;;0;;0;;0;;0;;0;;0;;0;;0;;0;;0;;0;;0;;0;;0;;0;;0;;0;;0;;1;;0;;0;;0;;0;;0;;0;;0;;
16;B;4;;17/03/2017;PG-RO-PA;0,260;0,0066;;0;;0;;0;;0;;0;;0;;0;;0;;0;;0;;0;;0;;0;;0;;0;;0;;0;;0;;0;;0;;0;;0;;0;;0;;0;;0;;0;;0;;0;;0;;0;;0;;0;;0;;
3;B;4;;10/03/2017;PG-RO-PA;0,176;0,0035;;0;;0;;0;;0;;0;;0;;0;;0;;0;;0;;0;;0;;0;;0;;0;;0;;0;;0;;0;;0;;0;;0;;0;;0;;0;;0;;0;;0;;0;;0;;0;;0;;0;;0;;
61;B;5;;24/03/2017;PG-KR;0,101;0,0025;;0;;0;;0;;0;;0;;0;;0;;0;;0;;0;;0;;0;;0;;0;;0;;0;;0;;0;;0;;0;;0;;0;;1;;0;;0;;0;;1;;0;;0;;0;;0;;0;;0;;0;;
275;B;5;;24/05/2017;MI-RO-SU;0,311;0,0334;Al het voedsel zat op het einde van de darm, de glasaal had wss al een tijdje niet meer gegeten;0;;0;;0;;1;;1;;0;;0;;0;;0;;0;;0;;0;;0;;0;;0;;0;;0;;0;;0;;15;;0;;0;;0;;0;;0;;0;;1;;0;;0;;0;;0;;0;;0;;0;;
2;B;5;;10/03/2017;PG-RO-PA;0,281;0,0102;detritus present, needs to be checked with a better microscope;0;;0;;0;;0;;0;;0;;0;;0;;0;;0;;0;;0;;0;;0;;0;;0;;0;;0;;0;;0;;0;;0;;0;;0;;0;;0;;0;;0;;0;;0;;0;;0;;0;;0;;
37;B;5;;24/03/2017;PG-RO-PA;0,148;0,0054;;0;;0;;0;;0;;0;;0;;0;;0;;0;;0;;0;;0;;0;;0;;0;;0;;0;;0;;0;;0;;0;;0;;0;;0;;0;;0;;2;;0;;0;;0;;0;;0;;0;;0;;
276;B;5;;24/05/2017;SC-RO-SU;0,420;0,0453;Zeer veel maaginhoud;0;;0;;0;;3;;0;;0;;0;;0;;0;;0;;0;;0;;1;;0;;1;;0;;0;;0;;0;;5;;0;;0;;0;;0;;0;;0;;0;;0;;0;;0;;0;;0;;0;;0;;
32;B;5;;18/03/2017;PG-KR;0,243;;;0;;0;;0;;0;;0;;0;;0;;0;;0;;0;;0;;0;;0;;0;;0;;0;;0;;0;;0;;0;;0;;0;;0;;0;;0;;0;;1;;0;;0;;0;;0;;0;;0;;0;;
28;B;5;;18/03/2017;PG-KR;0,250;0,0069;"Prut gevonden vanachteren in de darm, in apart potje voor verdere analyse met microscoop; blauwe vezel die duidelijk inwendig gevonden is bij de glasaal aan de kant om identiteit na te gaan";0;;0;;0;;0;;0;;0;;0;;0;;0;;0;;0;;0;;0;;0;;0;;0;;0;;0;;0;;0;;0;;0;;0;;0;;0;;0;;0;;0;;0;;0;;0;;0;;0;;0;;
58;B;5;;24/03/2017;PG-KR;0,263;0,0073;Prut gevonden vanachteren in de darm, in apart potje voor verdere analyse met microscoop;0;;0;;0;;0;;0;;0;;0;;0;;0;;0;;0;;0;;0;;0;;0;;0;;0;;0;;0;;0;;0;;0;;0;;0;;0;;0;;0;;0;;0;;0;;0;;0;;0;;0;;
24;B;5;;17/03/2017;PG-RO-SU;0,135;0,0042;Rode structuur samen met darmprut in potje aan de kant voor verder onderzoek;0;;0;;0;;0;;0;;0;;0;;0;;0;;0;;0;;0;;0;;0;;0;;0;;0;;0;;0;;0;;0;;0;;0;;0;;0;;0;;0;;0;;0;;0;;0;;0;;0;;0;;
113;B;5;;7/04/2017;PG-KR;0,270;0,0068;Maagprut voor verdere analyse;0;;0;;0;;0;;0;;0;;0;;1;;0;;0;;0;;0;;0;;0;;0;;0;;0;;0;;0;;0;;0;;0;;0;;0;;0;;0;;0;;0;;0;;0;;0;;0;;0;;0;;
160;B;5;;21/04/2017;PG-LO-SU;0,124;0,0054;Vis vrij uitgedroogd, ook de binnenkant;0;;0;;0;;1;;0;;0;;0;;0;;3;;0;;0;;0;;0;;0;;0;;0;;0;;0;;0;;0;;0;;0;;0;;0;;0;;0;;0;;0;;0;;0;;0;;0;;0;;0;;
271;B;5;;24/05/2017;PG-LO-SU;0,256;0,031;Blauwe vezel duidelijk uit de maag (geteld als microplastic) -> kleur trok eruit door ethanol, verdere analyse;1;;0;;0;;1;;0;;0;;0;;0;;0;;0;;0;;0;;0;;0;;0;;0;;1;;0;;0;;1;;0;;0;;0;;0;;0;;0;;1;;0;;0;;0;;0;;0;;0;;0;;
42;B;6;;24/03/2017;PG-LO-PA;0,194;0,0079;;0;;0;;0;;0;;0;;0;;0;;0;;0;;0;;0;;0;;0;;0;;0;;0;;0;;0;;0;;0;;0;;0;;0;;0;;0;;0;;1;;0;;0;;0;;0;;0;;0;;0;;
38;B;6;;24/03/2017;PG-LO-PA;0,115;0,003;;0;;0;;0;;0;;0;;0;;0;;0;;0;;0;;0;;0;;0;;0;;0;;0;;0;;0;;0;;0;;0;;0;;0;;0;;0;;0;;0;;0;;0;;0;;0;;0;;0;;0;;
57;B;6;;24/03/2017;PG-LO-SU;0,045;0,0015;Vis te uitgedroogd om goeie waarneming te kunnen doen;0;;0;;0;;0;;0;;0;;0;;0;;0;;0;;0;;0;;0;;0;;0;;0;;0;;0;;0;;0;;0;;0;;0;;0;;0;;0;;0;;0;;0;;0;;0;;0;;0;;0;;
267;B;6;;24/05/2017;PG-LO-SU;0,234;0,0229;;1;;0;;0;;4;;0;;0;;0;;0;;52;;0;;0;;13;;1;;0;;0;;0;;0;;12;;0;;13;;0;;0;;0;;0;;0;;0;;2;;0;;0;;0;;0;;0;;0;;0;;
65;B;6;;31/03/2017;PG-RO-PA;0,200;0,0051;;0;;0;;0;;0;;0;;0;;0;;0;;0;;0;;0;;0;;0;;0;;0;;0;;0;;0;;0;;0;;0;;0;;0;;0;;0;;0;;0;;0;;0;;0;;0;;0;;0;;0;;
8;B;6;;11/03/2017;PG-KR;0,117;0,0044;;0;;0;;0;;0;;0;;0;;0;;0;;0;;0;;0;;0;;0;;0;;0;;0;;0;;0;;0;;0;;0;;0;;0;;0;;0;;0;;0;;0;;0;;0;;0;;0;;0;;0;;
59;B;6;;24/03/2017;PG-KR;0,215;0,0077;;0;;0;;0;;0;;0;;0;;0;;0;;0;;0;;0;;0;;0;;0;;0;;0;;0;;0;;0;;0;;0;;0;;1;;0;;0;;0;;0;;0;;0;;0;;0;;0;;0;;0;;
22;B;6;;17/03/2017;PG-LO-PA;0,201;0,0055;;0;;0;;0;;0;;0;;0;;0;;0;;0;;0;;0;;0;;0;;0;;0;;0;;0;;0;;0;;0;;0;;0;;0;;0;;0;;0;;0;;0;;0;;0;;0;;0;;0;;0;;
20;B;6;;17/03/2017;PG-LO-PA;0,182;0,0064;;0;;0;;0;;0;;0;;0;;0;;0;;0;;0;;0;;0;;0;;0;;0;;0;;0;;0;;0;;0;;0;;0;;0;;0;;0;;0;;0;;0;;0;;0;;0;;0;;0;;0;;
46;B;6;;24/03/2017;GA-SU;0,254;0,007;;0;;0;;0;;0;;0;;0;;0;;0;;0;;0;;0;;0;;0;;0;;0;;0;;0;;0;;0;;0;;0;;0;;1;;0;;0;;0;;0;;0;;0;;0;;0;;0;;0;;0;;
17;C;6;;17/03/2017;PG-LO-PA;0,196;0,0074;;0;;0;;0;;0;;0;;0;;0;;0;;0;;0;;0;;0;;0;;0;;0;;0;;0;;0;;0;;0;;0;;0;;0;;0;;0;;0;;0;;0;;0;;0;;0;;0;;0;;0;;
194;C;6;;28/04/2017;PG-LO-SU;0,200;0,0152;;1;;0;;0;;1;;0;;0;;0;;0;;65;;0;;0;;0;;0;;0;;0;;0;;0;;1;;0;;0;;0;;0;;0;;0;;0;;0;;0;;0;;0;;0;;0;;0;;0;;0;;
178;C;7;;28/04/2017;PG-RO-PA;0,247;0,0121;;0;;0;;0;;0;;0;;0;;0;;0;;21;;0;;0;;0;;0;;0;;0;;0;;0;;0;;0;;0;;0;;0;;0;;0;;0;;0;;0;;0;;0;;0;;0;;0;;0;;0;;
142;C;7;;15/04/2017;PG-KR;0,093;0,0037;Vis volledig uitgedroogd, toch niet echt maaginhoud;0;;0;;0;;0;;0;;0;;0;;0;;0;;0;;0;;0;;0;;0;;0;;0;;0;;0;;0;;0;;0;;0;;0;;0;;0;;0;;0;;0;;0;;0;;0;;0;;0;;0;;
130;C;7;;14/04/2017;GA-SU;0,117;0,0037;Vis volledig uitgedroogd, toch niet echt maaginhoud;0;;0;;0;;0;;0;;0;;0;;0;;0;;0;;0;;0;;0;;0;;0;;0;;0;;0;;0;;0;;0;;0;;0;;0;;0;;0;;0;;0;;0;;0;;0;;0;;0;;0;;
149;C;7;;21/04/2017;PG-LO-PA;0,153;0,0071;;0;;0;;0;;0;;0;;0;;0;;0;;13;;0;;0;;1;;0;;0;;0;;0;;0;;0;;0;;0;;0;;0;;0;;0;;0;;0;;0;;0;;0;;0;;0;;0;;0;;0;;
66;C;7;;31/03/2017;PG-RO-PA;0,096;0,0015;;0;;0;;0;;0;;0;;0;;0;;0;;0;;0;;0;;0;;0;;0;;0;;0;;0;;0;;0;;0;;0;;0;;0;;0;;0;;0;;0;;0;;0;;0;;0;;0;;0;;0;;
12;C;7;;17/03/2017;PG-RO-PA;0,2101;0,0064;;0;;0;;0;;0;;0;;0;;0;;0;;0;;0;;0;;0;;0;;0;;0;;0;;0;;0;;0;;0;;0;;0;;0;;0;;0;;0;;0;;0;;0;;0;;0;;0;;0;;0;;
187;C;7;;28/04/2017;PG-RO-SU;0,212;0,0181;;1;;0;;0;;1;;0;;0;;0;;0;;56;;0;;0;;0;;0;;0;;0;;0;;0;;7;;0;;0;;0;;0;;0;;0;;0;;0;;0;;0;;0;;0;;0;;0;;0;;0;;
119;C;7;;14/04/2017;PG-LO-PA;0,220;0,0117;;0;;0;;0;;0;;0;;0;;0;;0;;7;;0;;0;;0;;0;;0;;0;;0;;0;;2;;0;;0;;0;;0;;0;;0;;0;;0;;1;;0;;0;;0;;0;;0;;0;;0;;
241;C;7;;19/05/2017;PG-LO-PA;0,161;0,0123;Moeilijke determinatie in potje 'verder onderzoek', ook een hexapode ;1;;0;;0;;2;;0;;0;;0;;0;;1;;0;;0;;0;;0;;0;;0;;0;;0;;3;;0;;0;;1;;0;;0;;0;;0;;0;;0;;1;;0;;0;;0;;0;;0;;0;;
84;C;7;;1/04/2017;PG-KR;0,236;0,0085;;0;;0;;0;;0;;0;;0;;0;;0;;0;;0;;0;;0;;0;;0;;0;;0;;0;;0;;0;;0;;0;;0;;0;;0;;0;;0;;0;;0;;0;;0;;0;;0;;0;;0;;
206;C;7;;5/05/2017;SC-RO-SU;0,206;0,0142;;0;;0;;0;;0;;0;;0;;0;;0;;2;;0;;0;;0;;0;;0;;0;;0;;0;;0;;0;;1;;0;;0;;0;;0;;0;;0;;0;;0;;1;;1;;0;;0;;0;;0;;
116;C;7;;7/04/2017;PG-KR;0,178;0,0057;;0;;0;;0;;0;;0;;0;;0;;0;;0;;0;;0;;0;;0;;0;;0;;0;;0;;0;;0;;0;;0;;0;;0;;0;;0;;0;;0;;0;;0;;0;;0;;0;;0;;0;;
253;C;8;;19/05/2017;MI-RO-SU;0,293;0,0325;;0;;0;;0;;2;;0;;0;;0;;0;;0;;0;;0;;0;;0;;0;;0;;0;;0;;0;;0;;0;;0;;0;;0;;0;;0;;0;;1;;0;;0;;0;;0;;0;;0;;0;;
222;C;8;;12/05/2017;SC-RO-SU;0,244;0,0226;;0;;0;;0;;2;;0;;0;;0;;0;;0;;0;;0;;0;;0;;0;;0;;0;;0;;0;;0;;1;;0;;0;;0;;0;;0;;0;;0;;0;;0;;0;;0;;0;;0;;0;;
122;C;8;;14/04/2017;PG-RO-PA;0,221;0,0091;;0;;0;;0;;0;;0;;0;;0;;0;;1;;0;;0;;0;;0;;0;;0;;0;;0;;1;;0;;0;;0;;0;;0;;0;;0;;0;;0;;0;;0;;0;;0;;0;;0;;0;;
96;C;8;;7/04/2017;PG-LO-PA;0,234;0,0104;veel maagprut ingezameld;0;;0;;0;;0;;0;;0;;0;;0;;0;;0;;0;;0;;0;;0;;0;;0;;0;;0;;0;;0;;0;;0;;0;;0;;0;;0;;0;;0;;0;;0;;0;;0;;0;;0;;
109;C;8;;7/04/2017;PG-RO-SU;0,133;0,0076;onbekend beest morgen eens checken;0;;0;;0;;0;;0;;0;;0;;1;;0;;0;;0;;0;;0;;0;;0;;0;;0;;0;;0;;0;;0;;0;;0;;0;;0;;0;;0;;0;;0;;0;;0;;0;;0;;0;;
145;C;8;;15/04/2017;PG-KR;0,154;0,0044;;0;;0;;0;;0;;0;;0;;0;;0;;0;;0;;0;;0;;0;;0;;0;;0;;0;;0;;0;;0;;0;;0;;0;;0;;0;;0;;0;;0;;0;;0;;0;;0;;0;;0;;
110;C;8;;7/04/2017;PG-RO-SU;0,210;0,01;;0;;0;;0;;0;;0;;0;;0;;0;;0;;0;;0;;0;;0;;0;;0;;0;;0;;0;;0;;0;;0;;0;;0;;0;;0;;0;;1;;0;;0;;0;;0;;0;;0;;0;;
121;C;8;;14/04/2017;PG-LO-PA;0,196;0,0131;;1;;0;;0;;1;;0;;0;;0;;0;;29;;0;;0;;0;;0;;0;;0;;0;;0;;0;;0;;1;;0;;0;;0;;0;;0;;0;;0;;0;;0;;0;;0;;0;;0;;0;;
226;C;8;;12/05/2017;MI-RO-SU;0,205;0,0316;;0;;0;;0;;1;;0;;0;;0;;0;;0;;0;;0;;0;;0;;0;;0;;0;;0;;0;;0;;0;;0;;0;;0;;0;;0;;0;;0;;0;;0;;0;;1;;0;;0;;0;;
67;C;8;;31/03/2017;PG-RO-PA;0,189;0,0062;;0;;0;;0;;0;;0;;0;;0;;0;;0;;0;;0;;0;;0;;0;;0;;0;;0;;0;;0;;0;;0;;0;;1;;0;;0;;0;;0;;0;;0;;0;;0;;0;;0;;0;;
120;C;8;;14/04/2017;PG-LO-PA;0,173;0,0096;;0;;0;;0;;0;;0;;0;;0;;0;;0;;0;;0;;0;;0;;0;;0;;0;;0;;0;;0;;0;;0;;0;;1;;0;;0;;0;;1;;0;;0;;0;;0;;0;;0;;0;;
148;C;8;;21/04/2017;PG-LO-PA;0,169;0,0057;;0;;0;;0;;0;;0;;0;;0;;0;;0;;0;;0;;0;;0;;0;;0;;0;;0;;0;;0;;0;;0;;0;;1;;0;;0;;0;;0;;0;;0;;0;;0;;0;;0;;0;;
195;C;9;;28/04/2017;PG-LO-SU;0,214;0,0252;Onbekende structuur voor verder onderzoek;1;;0;;0;;1;;0;;0;;0;;0;;124;;0;;0;;0;;0;;0;;0;;0;;0;;6;;0;;0;;0;;0;;0;;0;;0;;0;;0;;0;;0;;0;;0;;0;;0;;0;;
103;C;9;;7/04/2017;PG-LO-SU;0,180;0,0051;;0;;0;;0;;0;;0;;0;;0;;0;;0;;0;;0;;0;;0;;0;;0;;0;;0;;0;;0;;0;;0;;0;;1;;0;;0;;0;;0;;0;;0;;0;;0;;0;;0;;0;;
71;C;9;;31/03/2017;PG-LO-PA;0,228;0,0064;;0;;0;;0;;0;;0;;0;;0;;0;;0;;0;;0;;0;;0;;0;;0;;0;;0;;0;;0;;0;;0;;0;;1;;0;;0;;0;;0;;0;;0;;0;;0;;0;;0;;0;;
76;C;9;;31/03/2017;PG-RO-SU;0,124;0,003;Vis volledig uitgedroogd ;0;;0;;0;;0;;0;;0;;0;;0;;0;;0;;0;;0;;0;;0;;0;;0;;0;;0;;0;;0;;0;;0;;0;;0;;0;;0;;0;;0;;0;;0;;0;;0;;0;;0;;
98;C;9;;7/04/2017;GA-SU;0,163;0,0082;;0;;0;;0;;0;;0;;0;;0;;0;;0;;0;;0;;0;;0;;0;;0;;0;;0;;0;;0;;0;;0;;0;;0;;0;;0;;0;;1;;0;;0;;0;;0;;0;;0;;0;;
111;C;9;;7/04/2017;PG-RO-SU;0,188;0,0126;;0;;0;;0;;0;;0;;0;;0;;0;;0;;0;;0;;0;;0;;0;;0;;0;;0;;0;;0;;0;;0;;0;;0;;0;;0;;0;;1;;0;;0;;0;;0;;0;;0;;0;;
218;C;9;;12/05/2017;PG-PA-RO;0,126;0,0135;Veel inhoud alles nagenoeg onherkenbaar;1;;0;;0;;0;;0;;0;;0;;0;;2;;0;;5;;1;;0;;0;;0;;0;;0;;0;;0;;0;;0;;0;;0;;0;;0;;0;;2;;0;;0;;0;;0;;0;;0;;0;;
108;C;9;;7/04/2017;PG-RO-SU;0,194;0,0095;;0;;0;;0;;0;;0;;0;;0;;0;;0;;0;;0;;0;;0;;0;;0;;0;;0;;0;;0;;0;;0;;0;;0;;0;;0;;0;;1;;0;;0;;0;;0;;0;;0;;0;;
64;D;9;;31/03/2017;PG-RO-PA;0,169;0,008;;0;;0;;0;;0;;0;;0;;0;;0;;0;;0;;0;;0;;0;;0;;0;;0;;0;;0;;0;;0;;0;;0;;0;;0;;0;;0;;1;;0;;0;;0;;0;;0;;0;;0;;
167;D;9;;21/04/2017;MI-RO-SU;0,135;0,0056;;0;;0;;0;;0;;0;;0;;0;;0;;0;;0;;0;;0;;0;;0;;0;;0;;0;;0;;0;;0;;0;;0;;0;;0;;0;;0;;0;;0;;0;;0;;0;;0;;0;;0;;
230;D;9;;12/05/2017;MI-RO-SU;0,208;0,0191;;1;;0;;0;;0;;0;;0;;0;;0;;6;;0;;0;;0;;0;;0;;0;;0;;0;;0;;0;;0;;0;;0;;0;;0;;0;;0;;1;;0;;0;;0;;0;;0;;0;;0;;
168;D;9;;21/04/2017;MI-RO-SU;0,189;0,0138;;1;;0;;0;;2;;0;;0;;0;;0;;5;;0;;0;;0;;0;;0;;0;;0;;0;;4;;0;;1;;0;;0;;0;;0;;0;;0;;0;;0;;0;;0;;0;;0;;0;;0;;
128;D;10;;14/04/2017;GA-SU;0,216;0,0088;Onbekende structuur voor verder onderzoek;0;;0;;0;;0;;0;;0;;0;;0;;0;;0;;0;;0;;0;;0;;0;;0;;0;;0;;0;;0;;0;;0;;0;;0;;0;;0;;1;;0;;0;;0;;0;;0;;0;;0;;
166;D;10;;21/04/2017;GA-SU;0,172;0,0064;;0;;0;;0;;0;;0;;0;;0;;0;;0;;0;;0;;0;;0;;0;;0;;0;;0;;0;;0;;0;;0;;0;;0;;0;;0;;0;;1;;0;;0;;0;;0;;0;;0;;0;;
252;D;10;;19/05/2017;MI-RO-SU;0,218;0,0241;;0;;0;;0;;0;;0;;0;;0;;0;;0;;0;;0;;0;;0;;0;;0;;0;;0;;0;;0;;0;;0;;0;;0;;0;;0;;0;;2;;0;;0;;0;;0;;0;;0;;0;;
144;D;10;;15/04/2017;PG-KR;0,198;0,0082;;0;;0;;0;;0;;0;;0;;0;;0;;0;;0;;0;;0;;0;;0;;0;;0;;0;;0;;0;;0;;0;;0;;0;;0;;0;;0;;2;;0;;0;;0;;0;;0;;0;;0;;
69;D;10;;31/03/2017;PG-LO-PA;0,173;0,0069;;0;;0;;0;;0;;0;;0;;0;;0;;0;;0;;0;;0;;0;;0;;0;;0;;0;;0;;0;;0;;0;;0;;1;;0;;0;;0;;0;;0;;0;;0;;0;;0;;0;;0;;
115;D;10;;7/04/2017;PG-KR;0,200;0,0095;;1;;0;;0;;0;;0;;0;;0;;0;;0;;0;;0;;0;;0;;0;;0;;0;;0;;0;;0;;0;;0;;0;;0;;0;;0;;0;;2;;0;;0;;0;;0;;0;;0;;0;;
101;D;10;;7/04/2017;GA-SU;0,123;0,0049;;0;;0;;0;;0;;0;;0;;0;;0;;0;;0;;0;;0;;0;;0;;0;;0;;0;;0;;0;;0;;0;;0;;0;;0;;0;;0;;1;;0;;0;;0;;0;;0;;0;;0;;
250;D;10;;19/05/2017;SC-LO-SU;0,304;0,0379;Amphipode zit apart voor verder onderzoek;0;;0;;0;;2;;0;;0;;0;;0;;0;;0;;0;;0;;0;;0;;0;;0;;0;;0;;0;;3;;0;;0;;0;;0;;0;;0;;0;;0;;0;;0;;0;;1;;0;;0;;
86;D;10;;1/04/2017;PG-KR;0,222;0,0064;;0;;0;;0;;0;;0;;0;;0;;0;;0;;0;;0;;0;;0;;0;;0;;0;;0;;0;;0;;0;;0;;0;;0;;0;;0;;0;;1;;0;;0;;0;;0;;0;;0;;0;;
162;D;10;;21/04/2017;GA-SU;0,123;0,0085;;0;;0;;0;;2;;0;;0;;0;;0;;0;;0;;0;;0;;0;;0;;0;;0;;0;;0;;0;;0;;0;;0;;0;;0;;0;;0;;0;;0;;0;;0;;0;;0;;0;;0;;
202;D;10;;5/05/2017;PG-RO-PA;0,177;0,0152;;0;;0;;0;;1;;0;;0;;0;;0;;12;;0;;0;;0;;0;;0;;0;;0;;0;;0;;0;;2;;0;;0;;0;;0;;0;;0;;1;;0;;0;;0;;0;;0;;0;;0;;
88;D;10;;7/04/2017;PG-RO-PA;0,261;0,009;Mss hoge gewicht door lang te weken in water;0;;0;;0;;0;;0;;0;;0;;0;;0;;0;;0;;0;;0;;0;;0;;0;;0;;0;;0;;0;;0;;0;;0;;0;;0;;0;;0;;0;;0;;0;;0;;0;;0;;0;;
200;D;11;;5/05/2017;PG-LO-PA;0,094;0,0084;;0;;2;;0;;1;;0;;0;;0;;0;;10;;0;;0;;0;;0;;0;;0;;0;;0;;1;;0;;0;;0;;0;;0;;0;;0;;0;;0;;0;;0;;0;;0;;0;;0;;0;;
150;D;11;Y;21/04/2017;PG-LO-PA;0,138;0,0074;;0;;0;;0;;0;;0;;0;;0;;0;;9;;0;;0;;0;;0;;0;;0;;0;;0;;0;;0;;0;;0;;0;;0;;0;;0;;0;;0;;0;;0;;0;;0;;0;;0;;0;;
157;D;11;Y;21/04/2017;PG-LO-SU;0,157;0,0107;;0;;0;;0;;0;;0;;0;;0;;0;;10;;0;;0;;0;;0;;0;;0;;0;;0;;0;;0;;0;;0;;0;;0;;0;;0;;0;;1;;0;;0;;0;;0;;0;;0;;0;;
89;D;11;Y;7/04/2017;PG-RO-PA;0,073;0,0019;vis volledig uitgedroogd;0;;0;;0;;0;;0;;0;;0;;0;;0;;0;;0;;0;;0;;0;;0;;0;;0;;0;;0;;0;;0;;0;;0;;0;;0;;0;;0;;0;;0;;0;;0;;0;;0;;0;;
258;D;11;Y;24/05/2017;PG-LO-PA;0,259;0,0164;;0;;4;;0;;2;;0;;0;;0;;0;;4;;0;;0;;0;;0;;0;;0;;0;;0;;1;;0;;0;;0;;0;;0;;0;;0;;0;;1;;0;;0;;0;;0;;0;;0;;1;;
207;D;11;Y;5/05/2017;SC-RO-SU;0,171;0,0106;;0;;0;;0;;1;;0;;0;;0;;0;;8;;0;;0;;0;;0;;0;;0;;0;;0;;0;;0;;0;;0;;0;;0;;0;;0;;0;;0;;0;;0;;0;;0;;0;;0;;0;;
208;D;11;Y;5/05/2017;SC-RO-SU;0,143;0,0182;;0;;0;;0;;0;;0;;0;;0;;0;;5;;0;;0;;0;;0;;0;;0;;0;;0;;0;;0;;1;;0;;0;;0;;0;;0;;0;;2;;0;;0;;0;;0;;0;;0;;0;;
118;D;11;Y;14/04/2017;PG-LO-PA;0,175;0,0072;;0;;0;;0;;0;;0;;0;;0;;0;;0;;0;;0;;0;;0;;0;;0;;0;;0;;0;;0;;0;;0;;0;;1;;0;;0;;0;;1;;0;;0;;0;;0;;0;;0;;0;;
232;D;11;Y;12/05/2017;PG-LO-PA;0,229;0,0202;;0;;0;;0;;0;;0;;0;;0;;0;;9;;0;;0;;0;;0;;0;;0;;0;;2;;2;;0;;0;;0;;0;;0;;0;;0;;0;;2;;0;;0;;0;;0;;0;;0;;0;;
91;D;11;;7/04/2017;PG-RO-PA;0,245;0,0107;;0;;0;;0;;0;;0;;0;;0;;0;;0;;0;;0;;0;;0;;0;;0;;0;;0;;0;;0;;0;;0;;0;;0;;0;;0;;0;;1;;0;;0;;0;;0;;0;;0;;0;;
185;D;11;Y;28/04/2017;PG-LO-PA;0,245;0,019;;0;;0;;0;;0;;0;;0;;0;;0;;60;;0;;0;;0;;0;;0;;0;;0;;0;;1;;0;;0;;0;;0;;0;;0;;0;;0;;1;;0;;0;;0;;0;;0;;0;;0;;
39;D;11;;7/04/2017;GA-SU;0,167;0,0102;;0;;0;;0;;0;;0;;0;;0;;0;;0;;0;;0;;0;;0;;0;;0;;0;;0;;0;;0;;0;;0;;0;;0;;0;;0;;0;;2;;0;;0;;0;;0;;0;;0;;0;;
93;D;12;Y;7/04/2017;PG-LO-PA;0,136;0,0059;vis volledig uitgedroogd;0;;0;;0;;0;;0;;0;;0;;0;;0;;0;;0;;0;;0;;0;;0;;0;;0;;0;;0;;0;;0;;0;;0;;0;;0;;0;;1;;0;;0;;0;;0;;0;;0;;0;;
184;D;12;Y;28/04/2017;PG-LO-PA;0,215;0,0166;;2;;0;;0;;0;;0;;0;;0;;0;;17;;0;;0;;0;;0;;0;;0;;0;;0;;1;;0;;0;;0;;0;;0;;0;;0;;0;;2;;0;;0;;0;;0;;0;;0;;0;;
231;D;12;Y;12/05/2017;PG-LO-PA;0,192;0,011;;0;;0;;0;;0;;0;;0;;0;;0;;5;;0;;0;;0;;0;;0;;0;;0;;0;;0;;0;;0;;0;;0;;0;;0;;0;;0;;2;;0;;0;;0;;0;;0;;0;;0;;
191;D;12;Y;28/04/2017;PG-LO-SU;0,135;0,0177;;0;;3;;0;;2;;0;;0;;0;;0;;148;;0;;0;;0;;0;;0;;0;;0;;0;;0;;0;;0;;0;;0;;0;;0;;0;;0;;1;;0;;0;;0;;0;;0;;0;;0;;
174;D;12;Y;22/04/2017;PG-KR;0,266;0,0187;;0;;0;;0;;1;;0;;0;;0;;0;;2;;0;;0;;0;;0;;0;;0;;0;;0;;0;;0;;0;;0;;0;;0;;0;;0;;0;;2;;0;;0;;0;;0;;0;;0;;0;;
224;D;12;Y;12/05/2017;SC-RO-SU;0,163;0,0231;;0;;0;;0;;2;;0;;0;;0;;0;;0;;0;;0;;0;;0;;0;;0;;0;;0;;2;;0;;2;;0;;0;;0;;0;;0;;0;;0;;0;;0;;0;;0;;0;;0;;0;;
198;D;12;Y;5/05/2017;PG-LO-PA;0,202;0,0147;;0;;0;;0;;1;;0;;0;;0;;0;;10;;0;;0;;0;;0;;0;;0;;0;;0;;0;;0;;0;;0;;0;;0;;0;;0;;0;;3;;0;;0;;0;;0;;0;;0;;0;;
186;D;12;Y;28/04/2017;PG-RO-SU;0,201;0,0141;;1;;0;;0;;0;;0;;0;;0;;0;;69;;0;;0;;0;;0;;0;;0;;0;;0;;0;;0;;0;;0;;0;;0;;0;;0;;0;;2;;0;;0;;0;;0;;0;;0;;0;;
271;E;12;;24/05/2017;MI-RO-SU;0,336;0,0417;;0;;0;;0;;1;;0;;0;;0;;0;;0;;0;;0;;0;;0;;0;;0;;0;;0;;7;;0;;31;;0;;0;;0;;0;;0;;0;;2;;0;;0;;0;;0;;0;;0;;0;;
11;E;12;;11/03/2017;PG-KR;0,196;0,001;;0;;0;;0;;0;;0;;0;;0;;0;;0;;0;;0;;0;;0;;0;;0;;0;;0;;0;;0;;0;;0;;0;;0;;0;;0;;0;;0;;0;;0;;0;;0;;0;;0;;0;;
7;E;12;;11/03/2017;PG-KR;0,146;0,0041;;0;;0;;0;;0;;0;;0;;0;;0;;0;;0;;0;;0;;0;;0;;0;;0;;0;;0;;0;;0;;0;;0;;0;;0;;0;;0;;1;;0;;0;;0;;0;;0;;0;;0;;
55;E;12;;24/03/2017;PG-LO-SU;0,157;0,0084;;0;;0;;0;;0;;0;;0;;0;;0;;0;;0;;0;;0;;0;;0;;0;;0;;0;;0;;0;;0;;0;;0;;0;;0;;0;;0;;1;;0;;0;;0;;0;;0;;0;;0;;
50;E;13;;24/03/2017;PG-RO-SU;0,186;0,0077;;0;;0;;0;;0;;0;;0;;0;;0;;0;;0;;0;;0;;0;;0;;0;;0;;0;;0;;0;;0;;0;;0;;0;;0;;0;;0;;0;;0;;0;;0;;0;;0;;0;;0;;
176;E;13;;28/04/2017;PG-RO-PA;0,248;0,02;;0;;0;;0;;0;;0;;0;;0;;0;;39;;0;;0;;5;;0;;0;;0;;0;;0;;0;;0;;0;;0;;0;;0;;0;;0;;0;;0;;0;;0;;0;;0;;0;;0;;0;;
272;E;13;;24/05/2017;MI-RO-SU;0,238;0,028;;0;;0;;0;;1;;0;;0;;0;;0;;7;;0;;0;;1;;0;;0;;0;;0;;0;;0;;0;;2;;0;;0;;0;;0;;0;;0;;2;;0;;0;;0;;0;;0;;0;;0;;
47;E;13;;24/03/2017;GA-SU;0,235;0,0065;;0;;0;;0;;0;;0;;0;;0;;0;;0;;0;;0;;0;;0;;0;;0;;0;;0;;0;;0;;0;;0;;0;;0;;0;;0;;0;;0;;0;;0;;0;;0;;0;;0;;0;;
244;E;13;;19/05/2017;PG-LO-PA;0,231;0,0132;grote worm gevonden, geen polychaet;0;;0;;0;;0;;0;;0;;0;;0;;1;;0;;0;;0;;0;;0;;0;;0;;0;;0;;0;;0;;0;;0;;0;;0;;0;;0;;3;;0;;0;;0;;0;;0;;0;;0;;
274;E;13;;24/05/2017;MI-RO-SU;0,268;0,026;;2;;0;;0;;1;;0;;0;;0;;0;;1;;0;;0;;0;;0;;0;;0;;0;;0;;0;;0;;6;;0;;0;;0;;0;;0;;0;;0;;0;;0;;0;;0;;0;;0;;0;;
45;E;13;;24/03/2017;GA-SU;0,216;0,0067;;0;;0;;0;;0;;0;;0;;0;;0;;0;;0;;0;;0;;0;;0;;0;;0;;0;;0;;0;;0;;0;;0;;0;;0;;0;;0;;0;;0;;0;;0;;0;;0;;0;;0;;
48;E;13;;24/03/2017;PG-RO-SU;0,175;0,0062;;0;;0;;0;;0;;0;;0;;0;;0;;0;;0;;0;;0;;0;;0;;0;;0;;0;;0;;0;;0;;0;;0;;0;;0;;0;;0;;1;;0;;0;;0;;0;;0;;0;;0;;
29;E;13;;18/03/2017;PG-KR;0,253;0,0052;;0;;0;;0;;0;;0;;0;;0;;0;;0;;0;;0;;0;;0;;0;;0;;0;;0;;0;;0;;0;;0;;0;;0;;0;;0;;0;;0;;0;;0;;0;;0;;0;;0;;0;;
51;E;13;;24/03/2017;PG-RO-SU;0,164;0,0031;;0;;0;;0;;0;;0;;0;;0;;0;;0;;0;;0;;0;;0;;0;;0;;0;;0;;0;;0;;0;;0;;0;;0;;0;;0;;0;;0;;0;;0;;0;;0;;0;;0;;0;;
273;E;13;;24/05/2017;MI-RO-SU;0,219;0,0257;;1;;0;;0;;1;;0;;0;;0;;0;;2;;0;;0;;0;;2;;0;;0;;0;;0;;0;;0;;126;;0;;0;;0;;0;;0;;0;;1;;0;;0;;0;;0;;0;;0;;0;;
39;E;13;;24/03/2017;PG-LO-PA;0,177;0,0103;;0;;0;;0;;0;;0;;0;;0;;0;;0;;0;;0;;0;;0;;0;;0;;0;;0;;0;;0;;0;;0;;0;;0;;0;;0;;0;;1;;0;;0;;0;;0;;0;;0;;0;;
21;E;14;;17/03/2017;PG-LO-PA;0,188;0,0075;;0;;0;;0;;0;;0;;0;;0;;0;;0;;0;;0;;0;;0;;0;;0;;0;;0;;0;;0;;0;;0;;0;;0;;0;;0;;0;;1;;0;;0;;0;;0;;0;;0;;0;;
204;E;14;;5/05/2017;PG-RO-PA;0,277;0,0168;;1;;0;;0;;1;;0;;0;;0;;0;;40;;0;;0;;0;;0;;0;;0;;0;;0;;0;;0;;0;;0;;0;;0;;0;;0;;0;;1;;0;;0;;0;;0;;0;;0;;0;;
35;E;14;;24/03/2017;PG-RO-PA;0,166;0,0076;;0;;0;;0;;0;;0;;0;;0;;0;;0;;0;;0;;0;;0;;0;;0;;0;;0;;0;;0;;0;;0;;0;;0;;0;;0;;0;;1;;0;;0;;0;;0;;0;;0;;0;;
30;E;14;;18/03/2017;PG-KR;0,175;0,0038;;0;;0;;0;;0;;0;;0;;0;;0;;0;;0;;0;;0;;0;;0;;0;;0;;0;;0;;0;;0;;0;;0;;0;;0;;0;;0;;0;;0;;0;;0;;0;;0;;0;;0;;
240;E;14;;19/05/2017;PG-RO-PA;0,154;0,0131;;0;;0;;0;;1;;0;;0;;0;;0;;16;;0;;2;;0;;0;;0;;0;;0;;0;;0;;0;;0;;0;;0;;0;;0;;0;;0;;1;;0;;0;;0;;0;;0;;0;;0;;
153;E;14;;21/04/2017;PG-RO-PA;0,184;0,0078;;2;;0;;0;;0;;0;;0;;0;;0;;1;;0;;0;;0;;0;;0;;0;;0;;0;;0;;0;;0;;0;;0;;0;;0;;0;;0;;0;;0;;0;;0;;0;;0;;1;;0;;
49;E;14;;24/03/2017;PG-RO-SU;0,188;0,0062;;0;;0;;0;;0;;0;;0;;0;;0;;0;;0;;0;;0;;0;;0;;0;;0;;0;;0;;0;;0;;0;;0;;0;;0;;0;;0;;1;;0;;0;;0;;0;;0;;0;;0;;
213;E;14;;5/05/2017;MI-RO-SU;0,124;0,0145;;1;;0;;0;;1;;0;;0;;0;;0;;1;;0;;0;;0;;0;;0;;0;;0;;0;;0;;0;;1;;0;;0;;0;;0;;0;;0;;1;;0;;0;;0;;0;;0;;0;;0;;
52;E;14;;24/03/2017;PG-RO-SU;0,316;0,014;invertebrate sp. Aan de kant;0;;0;;0;;0;;0;;0;;0;;0;;0;;0;;0;;0;;0;;0;;0;;0;;0;;0;;0;;0;;0;;0;;0;;0;;0;;0;;1;;0;;0;;0;;0;;0;;0;;0;;
9;E;14;;11/03/2017;PG-KR;0,156;0,0042;;0;;0;;0;;0;;0;;0;;0;;0;;0;;0;;0;;0;;0;;0;;0;;0;;0;;0;;0;;0;;0;;0;;0;;0;;0;;0;;0;;0;;0;;0;;0;;0;;0;;0;;
239;E;14;;19/05/2017;PG-RO-PA;0,257;0,0138;;1;;0;;0;;1;;0;;0;;0;;0;;6;;0;;2;;0;;0;;0;;0;;0;;0;;0;;0;;0;;0;;0;;0;;0;;0;;0;;1;;0;;0;;0;;0;;0;;0;;0;;
18;E;14;;17/03/2017;PG-LO-PA;0,236;0,009;;0;;0;;0;;0;;0;;0;;0;;0;;0;;0;;0;;0;;0;;0;;0;;0;;0;;0;;0;;0;;0;;0;;0;;0;;0;;0;;1;;0;;0;;0;;0;;0;;0;;0;;
25;E;15;;17/03/2017;PG-RO-SU;0,199;0,005;;0;;0;;0;;0;;0;;0;;0;;0;;0;;0;;0;;0;;0;;0;;0;;0;;0;;0;;0;;0;;0;;0;;0;;0;;0;;0;;0;;0;;0;;0;;0;;0;;0;;0;;
43;E;15;;24/03/2017;GA-SU;0,189;0,0051;;0;;0;;0;;0;;0;;0;;0;;0;;0;;0;;0;;0;;0;;0;;0;;0;;0;;0;;0;;0;;0;;0;;0;;0;;0;;0;;1;;0;;0;;0;;0;;0;;0;;0;;
143;E;15;;15/04/2017;PG-KR;0,124;0,0074;;1;;0;;0;;0;;0;;0;;0;;0;;0;;0;;0;;0;;0;;0;;0;;0;;0;;0;;0;;0;;0;;0;;0;;0;;0;;0;;1;;0;;0;;0;;0;;0;;0;;0;;
171;E;15;;21/04/2017;MI-RO-SU;0,173;0,0126;Invertebrate sp. -> doorzichtige buisstructuur die samenkomt in een vast punt;0;;0;;0;;1;;0;;0;;0;;0;;0;;0;;0;;0;;10;;0;;0;;0;;0;;2;;0;;3;;0;;0;;0;;0;;0;;0;;1;;0;;0;;0;;0;;0;;0;;0;;
261;E;15;;24/05/2017;PG-RO-PA;0,148;0,0113;;0;;0;;0;;1;;0;;0;;0;;0;;28;;0;;0;;4;;0;;0;;0;;0;;0;;0;;0;;0;;0;;0;;0;;0;;0;;0;;2;;0;;0;;0;;0;;0;;0;;0;;
83;E;15;;1/04/2017;PG-KR;0,148;0,0062;;0;;0;;0;;0;;0;;0;;0;;0;;0;;0;;0;;0;;0;;0;;0;;0;;0;;0;;0;;0;;0;;0;;0;;0;;0;;0;;1;;0;;0;;0;;0;;0;;0;;0;;
97;F;15;Y;7/04/2017;PG-LO-PA;0,153;0,0056;;0;;0;;0;;0;;0;;0;;0;;0;;0;;0;;0;;0;;0;;0;;0;;0;;0;;0;;0;;0;;0;;0;;0;;0;;0;;0;;1;;0;;0;;0;;0;;0;;0;;0;;
114;F;15;Y;7/04/2017;PG-KR;0,273;0,0072;;0;;0;;0;;0;;0;;0;;0;;0;;0;;0;;0;;0;;0;;0;;0;;0;;0;;0;;0;;0;;0;;0;;0;;0;;0;;0;;0;;0;;0;;0;;0;;0;;0;;0;;
199;F;15;Y;5/05/2017;PG-LO-PA;0,154;0,0036;;0;;0;;0;;0;;0;;0;;0;;0;;0;;0;;0;;0;;0;;0;;0;;0;;0;;0;;0;;0;;0;;0;;0;;0;;0;;0;;1;;0;;0;;0;;0;;0;;0;;0;;
220;F;15;Y;12/05/2017;PG-R0-PA;0,319;0,0145;;0;;0;;0;;1;;0;;0;;0;;0;;0;;0;;0;;3;;0;;0;;0;;0;;0;;1;;0;;0;;0;;0;;0;;0;;0;;0;;0;;0;;0;;0;;0;;0;;0;;0;;
135;F;15;Y;14/04/2017;PG-RO-SU;0,330;0,0148;;1;;0;;0;;0;;0;;0;;0;;0;;3;;0;;0;;0;;0;;0;;0;;0;;0;;0;;0;;0;;0;;0;;0;;0;;0;;0;;1;;0;;0;;0;;0;;0;;0;;0;;
72;F;15;Y;31/03/2017;PG-LO-PA;0,345;0,0095;;0;;0;;0;;0;;0;;0;;0;;0;;0;;0;;0;;0;;0;;0;;0;;0;;0;;0;;0;;0;;0;;0;;0;;0;;0;;0;;1;;0;;0;;0;;0;;0;;0;;0;;
123;F;16;Y;14/04/2017;PG-RO-PA;0,153;0,0046;vis volledig uitgedroogd;0;;0;;0;;0;;0;;0;;0;;0;;0;;0;;0;;0;;0;;0;;0;;0;;0;;0;;0;;0;;0;;0;;0;;0;;0;;0;;1;;0;;0;;0;;0;;0;;0;;0;;
164;F;16;Y;21/04/2017;GA-SU;0,153;0,0042;vis volledig uitgedroogd;0;;0;;0;;0;;0;;0;;0;;0;;0;;0;;0;;0;;0;;0;;0;;0;;0;;0;;0;;0;;0;;0;;0;;0;;0;;0;;1;;0;;0;;0;;0;;0;;0;;0;;
249;F;16;Y;19/05/2017;SC-LO-SU;0,254;0,032;Alle 14 de invertebrate sp. Zijn aparte wormpjes (oligochaeten?);1;;0;;0;;3;;0;;0;;0;;0;;3;;0;;0;;0;;1;;0;;0;;0;;0;;0;;0;;8;;0;;0;;0;;0;;0;;0;;14;;0;;0;;0;;1;;0;;0;;0;;
147;F;16;Y;21/04/2017;PG-LO-PA;0,177;0,0045;;0;;0;;0;;0;;0;;0;;0;;0;;1;;0;;0;;0;;0;;0;;0;;0;;0;;0;;0;;0;;0;;0;;0;;0;;0;;0;;1;;0;;0;;0;;0;;0;;0;;0;;
107;F;16;Y;7/04/2017;PG-RO-SU;0,224;0,0083;;0;;0;;0;;0;;0;;0;;0;;0;;0;;0;;0;;0;;0;;0;;0;;0;;0;;0;;0;;0;;0;;0;;0;;0;;0;;0;;1;;0;;0;;0;;0;;0;;0;;0;;
235;F;16;Y;12/05/2017;PG-LO-PA;0,202;0,0142;;0;;0;;0;;1;;0;;0;;0;;0;;0;;0;;0;;1;;0;;0;;0;;0;;0;;0;;0;;2;;0;;0;;0;;0;;0;;0;;1;;0;;0;;0;;0;;0;;1;;0;;
90;F;16;Y;7/04/2017;PG-RO-PA;0,224;0,0096;;0;;0;;0;;0;;0;;0;;0;;0;;0;;0;;0;;0;;0;;0;;0;;0;;0;;0;;0;;0;;0;;0;;0;;0;;0;;0;;2;;0;;0;;0;;0;;0;;0;;0;;
205;F;16;Y;5/05/2017;PG-RO-PA;0,231;0,0078;liep wat mis, mss organismen gemist door darm open te snijden in ethanol;0;;0;;0;;1;;0;;0;;0;;0;;2;;0;;0;;0;;0;;0;;0;;0;;0;;0;;0;;0;;0;;0;;0;;0;;0;;0;;0;;0;;0;;0;;0;;0;;0;;0;;
173;F;16;Y;22/04/2017;PG-KR;0,253;0,0143;;0;;0;;0;;0;;0;;0;;0;;0;;0;;0;;0;;0;;0;;0;;0;;0;;0;;0;;0;;0;;0;;0;;0;;0;;0;;0;;2;;0;;0;;0;;0;;0;;0;;0;;
95;F;16;Y;7/04/2017;PG-LO-PA;0,231;0,0101;;0;;0;;0;;0;;0;;0;;0;;0;;0;;0;;0;;0;;0;;0;;0;;0;;0;;0;;0;;0;;0;;0;;0;;0;;0;;0;;0;;0;;0;;0;;0;;0;;0;;0;;
172;F;16;Y;22/04/2017;PG-KR;0,201;0,0074;;2;;0;;0;;1;;0;;0;;0;;0;;0;;0;;0;;0;;0;;0;;0;;0;;0;;0;;0;;4;;0;;0;;0;;0;;0;;0;;1;;0;;0;;0;;0;;0;;0;;0;;
227;F;16;Y;12/05/2017;MI-RO-SU;0,266;0,0231;;0;;0;;0;;0;;0;;0;;0;;0;;8;;0;;0;;0;;0;;0;;0;;0;;0;;0;;0;;6;;0;;0;;0;;0;;0;;0;;3;;0;;0;;0;;0;;0;;1;;0;;
73;F;17;Y;31/03/2017;PG-RO-SU;0,288;0,0137;;1;;0;;0;;0;;0;;0;;0;;0;;0;;0;;0;;0;;0;;0;;0;;0;;0;;0;;0;;0;;0;;0;;0;;0;;0;;0;;0;;0;;0;;0;;0;;0;;0;;0;;
268;F;17;Y;24/05/2017;PG-LO-SU;0,159;0,0153;;2;;0;;0;;0;;0;;0;;0;;0;;4;;0;;0;;0;;0;;0;;0;;0;;0;;0;;0;;30;;0;;0;;0;;0;;0;;0;;1;;0;;0;;0;;0;;0;;0;;0;;
214;F;17;Y;5/05/2017;MI-RO-SU;0,190;0,0166;;0;;0;;0;;1;;0;;0;;0;;0;;9;;0;;0;;1;;0;;0;;0;;0;;0;;0;;0;;3;;0;;0;;0;;0;;0;;0;;0;;0;;0;;0;;0;;0;;1;;0;;
146;F;17;Y;15/04/2017;PG-KR;0,143;0,004;;0;;0;;0;;0;;0;;0;;0;;0;;0;;0;;0;;0;;0;;0;;0;;0;;0;;0;;0;;0;;0;;0;;0;;0;;0;;0;;1;;0;;0;;0;;0;;0;;0;;0;;
210;F;17;Y;5/05/2017;SC-RO-SU;0,202;0,0174;diptera sp. Nog eens bekijken;0;;0;;0;;1;;0;;1;;0;;0;;35;;0;;0;;0;;0;;0;;0;;0;;0;;0;;0;;2;;0;;0;;0;;0;;0;;0;;1;;0;;0;;0;;0;;0;;0;;0;;
117;F;17;Y;14/04/2017;PG-LO-PA;0,148;0,0053;;0;;0;;0;;0;;0;;0;;0;;0;;0;;0;;0;;0;;0;;0;;0;;0;;0;;0;;0;;0;;0;;0;;0;;0;;0;;0;;1;;0;;0;;0;;0;;0;;0;;0;;
112;F;17;Y;7/04/2017;PG-KR;0,274;0,0131;;0;;0;;0;;0;;0;;0;;0;;0;;0;;0;;0;;0;;0;;0;;0;;0;;0;;0;;0;;0;;0;;0;;0;;0;;0;;0;;2;;0;;0;;0;;0;;0;;0;;0;;
78;F;17;Y;31/03/2017;PG-LO-SU;0,201;0,009;;0;;0;;0;;0;;0;;0;;0;;0;;0;;0;;0;;0;;0;;0;;0;;0;;0;;0;;0;;0;;0;;0;;0;;0;;0;;0;;1;;0;;0;;0;;0;;0;;0;;0;;
248;F;17;Y;19/05/2017;SC-LO-SU;0,259;0,0297;;0;;0;;0;;1;;0;;0;;0;;0;;1;;0;;0;;0;;4;;0;;0;;0;;0;;0;;0;;2;;0;;0;;0;;0;;0;;0;;0;;0;;0;;0;;0;;0;;1;;0;;
161;F;17;Y;11/04/2017;PG-LO-SU;0,158;0,0051;vis volledig uitgedroogd, maaginhoud niet deftig kunnen uitprepareren maar er zat waarschijnlijk niets in ;0;;0;;0;;0;;0;;0;;0;;0;;0;;0;;0;;0;;0;;0;;0;;0;;0;;0;;0;;0;;0;;0;;0;;0;;0;;0;;0;;0;;0;;0;;0;;0;;0;;0;;
217;F;17;Y;12/05/2017;PG-RO-PA;0,173;0,01;;0;;0;;0;;0;;0;;0;;0;;0;;3;;0;;0;;4;;0;;0;;0;;0;;0;;0;;0;;0;;0;;0;;0;;0;;0;;0;;3;;0;;0;;0;;0;;0;;0;;0;;
237;F;17;Y;19/05/2017;PG-RO-PA;0,232;0,0172;vis vrij gevuld maar veel ondertemineerbare delen v organismen;0;;0;;0;;1;;0;;0;;0;;0;;1;;0;;0;;1;;1;;0;;0;;0;;0;;1;;0;;0;;0;;0;;0;;0;;0;;0;;2;;0;;0;;0;;0;;0;;0;;0;;
262;F;18;Y;24/05/2017;PG-RO-PA;0,124;0,0086;;0;;0;;0;;0;;0;;0;;0;;0;;1;;0;;0;;21;;0;;0;;0;;0;;0;;0;;0;;0;;0;;0;;0;;0;;0;;0;;0;;0;;0;;0;;0;;0;;0;;0;;
236;F;18;Y;13/05/2017;PG-RO-PA;0,203;0,0185;;0;;0;;0;;2;;0;;0;;0;;0;;21;;0;;0;;3;;0;;0;;0;;0;;0;;0;;0;;0;;0;;0;;0;;0;;0;;0;;0;;0;;0;;0;;0;;0;;0;;0;;
169;F;18;Y;21/04/2017;MI-RO-SU;0,282;0,0182;;0;;0;;0;;1;;0;;0;;0;;0;;40;;0;;0;;0;;0;;0;;0;;0;;0;;0;;0;;0;;0;;0;;0;;0;;0;;0;;0;;0;;0;;0;;0;;0;;0;;0;;
77;F;18;Y;31/03/2017;PG-RO-SU;0,193;0,0084;;0;;0;;0;;0;;0;;0;;0;;0;;0;;0;;0;;0;;0;;0;;0;;0;;0;;0;;0;;0;;0;;0;;0;;0;;0;;0;;2;;0;;0;;0;;0;;0;;0;;0;;
264;F;18;Y;24/05/2017;PG-RO-PA;0,144;0,0125;;0;;0;;0;;1;;0;;0;;0;;0;;2;;0;;0;;17;;0;;0;;0;;0;;0;;0;;0;;0;;0;;0;;0;;0;;0;;0;;0;;0;;0;;0;;0;;0;;0;;0;;
247;F;18;Y;15/05/2017;SC-LO-SU;0,419;0,0499;;0;;0;;0;;2;;0;;0;;0;;0;;0;;0;;0;;0;;1;;0;;0;;0;;0;;0;;0;;1;;0;;0;;0;;0;;0;;0;;0;;0;;0;;1;;0;;0;;0;;0;;
225;F;18;Y;12/05/2017;SC-RO-SU;0,215;0,0225;;0;;0;;0;;1;;0;;0;;0;;0;;0;;0;;0;;0;;0;;0;;0;;0;;0;;0;;0;;5;;0;;0;;0;;0;;0;;0;;1;;0;;0;;0;;0;;0;;0;;0;;
63;G;18;;31/03/2017;PG-RO-PA;0,158;0,0058;;0;;0;;0;;0;;0;;0;;0;;0;;0;;0;;0;;0;;0;;0;;0;;0;;0;;0;;0;;0;;0;;0;;0;;0;;0;;0;;1;;0;;0;;0;;0;;0;;0;;0;;
104;G;18;;7/04/2017;PG-LO-SU;0,130;0,0056;vis volledig uitgedroogd;0;;0;;0;;0;;0;;0;;0;;0;;0;;0;;0;;0;;0;;0;;0;;0;;0;;0;;0;;0;;0;;0;;0;;0;;0;;0;;0;;0;;0;;0;;0;;0;;0;;0;;
246;G;18;;19/05/2017;SC-LO-SU;0,370;0,0343;polychaet groot;0;;0;;0;;1;;0;;0;;0;;0;;1;;0;;0;;0;;0;;0;;0;;0;;0;;0;;0;;1;;0;;0;;0;;0;;0;;0;;0;;0;;0;;0;;0;;0;;0;;0;;
19;G;18;;17/03/2017;PG-LO-PA;0,202;0,0072;;0;;0;;0;;0;;0;;0;;0;;0;;0;;0;;0;;0;;0;;0;;0;;0;;0;;0;;0;;0;;0;;0;;0;;0;;0;;0;;1;;0;;0;;0;;0;;0;;0;;0;;
179;G;18;;28/04/2017;PG-RO-PA;0,301;0,0184;;0;;0;;0;;0;;0;;0;;0;;0;;17;;0;;0;;0;;0;;0;;0;;0;;0;;0;;0;;0;;0;;0;;0;;0;;0;;0;;0;;0;;0;;0;;0;;0;;0;;0;;
209;G;19;;5/05/2017;SC-RO-SU;0,151;;maagdarm gewicht vergeten opnemen;0;;0;;0;;1;;0;;0;;0;;0;;0;;0;;0;;1;;0;;0;;0;;0;;0;;0;;0;;3;;0;;0;;0;;0;;0;;0;;0;;0;;0;;0;;0;;0;;0;;0;;
266;G;19;Y;24/05/2017;PG-LO-SU;0,299;0,0305;;0;;0;;0;;1;;0;;0;;0;;0;;6;;0;;0;;0;;2;;0;;0;;0;;0;;0;;0;;41;;0;;0;;1;;0;;0;;0;;0;;0;;0;;0;;0;;0;;0;;0;;
212;G;19;;5/05/2017;MI-RO-SU;0,209;0,0142;;0;;0;;0;;1;;0;;0;;0;;0;;9;;0;;0;;0;;0;;0;;0;;0;;0;;0;;0;;1;;0;;0;;0;;0;;0;;0;;0;;0;;0;;0;;0;;0;;0;;0;;
75;G;19;;31/03/2017;PG-RO-SU;0,221;0,008;;0;;0;;0;;0;;0;;0;;0;;0;;0;;0;;0;;0;;0;;0;;0;;0;;0;;0;;0;;0;;0;;0;;0;;0;;0;;0;;1;;0;;0;;0;;0;;0;;0;;0;;
165;G;19;Y;21/04/2017;GA-SU;0,140;0,0085;;0;;0;;0;;0;;0;;0;;0;;0;;0;;0;;0;;0;;0;;0;;0;;0;;0;;0;;0;;0;;0;;0;;0;;0;;0;;0;;0;;0;;0;;0;;0;;0;;0;;0;;
233;G;19;;12/05/2017;PG-LO-PA;;0,0119;Gewicht vergeten meten;0;;0;;0;;1;;0;;0;;0;;0;;4;;0;;0;;1;;0;;0;;0;;0;;0;;0;;0;;0;;0;;0;;0;;0;;0;;0;;1;;0;;0;;0;;0;;0;;0;;0;;
70;G;19;Y;31/03/2017;PG-L0-PA;0,242;0,007;;0;;0;;0;;0;;0;;0;;0;;0;;0;;0;;0;;0;;0;;0;;0;;0;;0;;0;;0;;0;;0;;0;;0;;0;;0;;0;;0;;0;;0;;0;;0;;0;;0;;0;;
41;G;19;;24/03/2017;PG-LO-PA;0,248;0,0063;;0;;0;;0;;0;;0;;0;;0;;0;;0;;0;;0;;0;;0;;0;;0;;0;;0;;0;;0;;0;;0;;0;;0;;0;;0;;0;;0;;0;;0;;0;;0;;0;;0;;0;;
251;G;19;;19/05/2017;MI-RO-SU;0,256;0,0284;;2;;0;;0;;2;;0;;0;;0;;0;;0;;0;;0;;0;;0;;0;;0;;0;;0;;0;;0;;0;;0;;0;;0;;0;;0;;0;;0;;0;;0;;0;;0;;0;;0;;0;;
125;G;19;;14/04/2017;PG-RO-PA;0,321;0,0075;;0;;0;;0;;0;;0;;0;;0;;0;;6;;0;;0;;0;;0;;0;;0;;0;;0;;0;;0;;0;;0;;0;;0;;0;;0;;0;;0;;0;;0;;0;;0;;0;;0;;0;;
257;G;19;;24/05/2017;PG-LO-PA;0,208;0,0136;;0;;0;;0;;1;;0;;0;;0;;0;;1;;0;;0;;0;;0;;0;;0;;0;;0;;0;;0;;0;;0;;0;;0;;0;;0;;0;;0;;0;;0;;0;;0;;0;;0;;0;;
221;G;19;;12/05/2017;SC-RO-SU;0,232;0,0174;;0;;0;;0;;1;;0;;0;;0;;0;;0;;0;;0;;0;;0;;0;;0;;0;;0;;0;;0;;0;;0;;0;;0;;0;;0;;0;;0;;0;;0;;0;;0;;0;;0;;0;;
5;G;20;;10/03/2017;PG-RO-PA;0,264;0,0069;;0;;0;;0;;0;;0;;0;;0;;0;;0;;0;;0;;0;;0;;0;;0;;0;;0;;0;;0;;0;;0;;0;;0;;0;;0;;0;;0;;0;;0;;0;;0;;0;;0;;0;;
256;G;20;;24/05/2017;PG-LO-PA;0,201;0,0164;;0;;0;;0;;1;;0;;0;;0;;0;;0;;0;;0;;0;;0;;0;;0;;0;;0;;0;;0;;1;;0;;0;;0;;0;;0;;0;;0;;0;;0;;0;;0;;0;;0;;0;;
196;G;20;;5/05/2017;PG-LO-PA;0,155;0,0091;;0;;0;;0;;1;;0;;0;;0;;0;;4;;0;;0;;0;;0;;0;;0;;0;;0;;0;;0;;0;;0;;0;;0;;0;;0;;0;;2;;0;;0;;0;;0;;0;;0;;0;;
255;G;20;;19/05/2017;MI-RO-SU;0,402;0,0285;;1;;0;;0;;1;;0;;0;;0;;0;;0;;0;;0;;0;;2;;0;;0;;0;;0;;0;;0;;0;;0;;0;;0;;0;;0;;0;;0;;0;;0;;0;;0;;0;;1;;0;;
131;G;20;;14/04/2017;GA-SU;0,169;0,0078;;0;;0;;0;;0;;0;;0;;0;;0;;0;;0;;0;;0;;0;;0;;0;;0;;0;;0;;0;;0;;0;;0;;0;;0;;0;;0;;2;;0;;0;;0;;0;;0;;0;;0;;
175;G;20;;22/04/2017;PG-KR;0,205;0,0136;;0;;0;;0;;0;;0;;0;;0;;0;;2;;0;;0;;0;;0;;0;;0;;0;;0;;0;;0;;2;;0;;0;;0;;0;;0;;0;;1;;0;;0;;0;;0;;0;;0;;0;;
245;G;20;;19/05/2017;PG-LO-PA;0,169;0,0133;;0;;0;;0;;1;;0;;0;;0;;0;;13;;0;;0;;1;;0;;0;;0;;0;;0;;0;;0;;0;;0;;0;;0;;0;;0;;0;;0;;0;;0;;0;;0;;0;;1;;0;;
180;G;20;;28/04/2017;PG-RO-PA;0,228;0,0137;;0;;0;;0;;0;;0;;0;;0;;0;;27;;0;;0;;0;;0;;0;;0;;0;;0;;0;;0;;0;;0;;0;;0;;0;;0;;0;;0;;0;;0;;0;;0;;0;;0;;0;;
126;G;20;;14/04/2017;PG-RO-PA;0,159;0,0073;;0;;0;;0;;0;;0;;0;;0;;0;;19;;0;;0;;0;;0;;0;;0;;0;;0;;0;;0;;0;;0;;0;;0;;0;;0;;0;;0;;1;;0;;0;;0;;0;;0;;0;;
263;G;20;;24/05/2017;PG-RO-PA;0,196;0,015;;0;;0;;0;;1;;0;;0;;0;;0;;5;;0;;0;;2;;0;;0;;0;;0;;0;;0;;0;;0;;0;;0;;0;;0;;0;;0;;0;;0;;0;;0;;0;;0;;0;;0;;
151;G;20;;21/04/2017;PG-LO-PA;0,205;0,0084;;1;;0;;0;;0;;0;;0;;0;;0;;3;;0;;0;;1;;0;;0;;0;;0;;0;;0;;0;;0;;0;;0;;0;;0;;0;;0;;1;;0;;0;;0;;0;;0;;0;;0;;
137;G;20;;14/04/2017;PG-RO-SU;0,114;0,0065;;0;;0;;0;;0;;0;;0;;0;;0;;1;;0;;0;;0;;0;;0;;0;;0;;0;;0;;0;;0;;0;;0;;0;;0;;0;;0;;0;;0;;0;;0;;0;;0;;0;;0;;
141;G;21;;14/04/2017;PG-RO-SU;0,138;0,0093;;0;;0;;0;;0;;0;;0;;0;;0;;0;;0;;0;;0;;0;;0;;0;;0;;0;;0;;0;;0;;0;;0;;0;;0;;0;;0;;1;;0;;0;;0;;0;;0;;0;;0;;
254;G;21;;19/05/2017;MI-RO-SU;0,303;0,0389;;0;;0;;0;;1;;0;;0;;0;;0;;0;;0;;0;;0;;1;;0;;0;;0;;0;;0;;0;;6;;0;;0;;0;;0;;0;;0;;0;;0;;0;;0;;0;;0;;0;;0;;
94;G;21;;7/04/2017;PG-LO-PA;0,218;0,0056;;0;;0;;0;;0;;0;;0;;0;;0;;0;;0;;0;;0;;0;;0;;0;;0;;0;;0;;0;;0;;0;;0;;0;;0;;0;;0;;0;;0;;0;;0;;0;;0;;0;;0;;
139;G;21;;14/04/2017;PG-LO-SU;0,233;0,0093;;0;;0;;0;;0;;0;;0;;0;;0;;0;;0;;0;;0;;0;;0;;0;;0;;0;;0;;0;;0;;0;;0;;0;;0;;0;;0;;1;;0;;0;;0;;0;;0;;0;;0;;
152;G;21;;21/04/2017;PG-RO-PA;0,112;0,0089;;0;;0;;0;;0;;0;;0;;0;;0;;8;;0;;0;;0;;0;;0;;0;;0;;0;;0;;0;;0;;0;;0;;0;;0;;0;;0;;0;;0;;0;;0;;0;;0;;0;;0;;
4;G;21;;10/03/2017;PG-RO-PA;0,206;0,005;;0;;0;;0;;0;;0;;0;;0;;0;;0;;0;;0;;0;;0;;0;;0;;0;;0;;0;;0;;0;;0;;0;;0;;0;;0;;0;;0;;0;;0;;0;;0;;0;;0;;0;;
1;H;21;;10/03/2017;PG-RO-PA;0,259;0,0089;;0;;0;;0;;0;;0;;0;;0;;0;;0;;0;;0;;0;;0;;0;;0;;0;;0;;0;;0;;0;;0;;0;;0;;0;;0;;0;;0;;0;;0;;0;;0;;0;;0;;0;;
197;H;21;;5/05/2017;PG-LO-PA;0,192;0,0152;;0;;0;;0;;0;;0;;0;;0;;0;;0;;0;;0;;0;;0;;0;;0;;0;;0;;0;;0;;0;;0;;0;;0;;0;;0;;0;;2;;0;;0;;0;;0;;0;;0;;0;;
177;H;21;;5/05/2017;PG-RO-PA;0,193;0,0119;;0;;0;;0;;0;;0;;0;;0;;0;;18;;0;;0;;3;;0;;0;;0;;0;;0;;0;;0;;0;;0;;0;;0;;0;;0;;0;;0;;0;;0;;0;;0;;0;;0;;0;;
134;H;21;;14/03/2017;PG-RO-SU;0,155;0,011;;0;;0;;0;;1;;0;;0;;0;;0;;18;;0;;0;;0;;0;;0;;0;;0;;0;;0;;0;;0;;0;;0;;0;;0;;0;;0;;0;;0;;0;;0;;0;;0;;0;;0;;
190;H;21;;28/04/2017;PG-RO-SU;0,197;0,0091;;0;;0;;0;;0;;0;;0;;0;;0;;0;;0;;0;;0;;0;;0;;0;;0;;0;;0;;0;;0;;0;;0;;0;;0;;0;;0;;1;;0;;0;;0;;0;;0;;0;;0;;
156;H;21;;21/04/2017;PG-RO-PA;0,150;0,0075;;0;;0;;0;;1;;0;;0;;0;;0;;45;;0;;0;;1;;0;;0;;0;;0;;0;;0;;0;;0;;0;;0;;0;;0;;0;;0;;0;;0;;0;;0;;0;;0;;0;;0;;
138;H;22;;14/04/2017;PG-LO-SU;0,224;0,0089;;0;;0;;0;;0;;0;;0;;0;;0;;0;;0;;0;;0;;0;;0;;0;;0;;0;;0;;0;;0;;0;;0;;0;;0;;0;;0;;0;;0;;0;;0;;0;;0;;0;;0;;
154;H;22;;21/04/2017;PG-RO-PA;0,119;0,008;;0;;0;;0;;0;;0;;0;;0;;0;;10;;0;;0;;1;;0;;0;;0;;0;;0;;0;;0;;0;;0;;0;;0;;0;;0;;0;;1;;0;;0;;0;;0;;0;;0;;0;;
140;H;22;;14/04/2017;PG-LO-SU;0,182;0,0094;;0;;0;;0;;0;;0;;0;;0;;0;;0;;0;;0;;0;;0;;0;;0;;0;;0;;0;;0;;0;;0;;0;;0;;0;;0;;0;;1;;0;;0;;0;;0;;0;;0;;0;;
163;H;22;;21/04/2017;GA-SU;0,079;0,0055;vis volledig uitgedroogd;0;;0;;0;;1;;0;;0;;0;;0;;0;;0;;0;;0;;0;;0;;0;;0;;0;;0;;0;;0;;0;;0;;0;;0;;0;;0;;0;;0;;0;;0;;0;;0;;0;;0;;
223;H;22;;12/05/2017;SC-RO-SU;0,279;0,0229;;0;;0;;0;;1;;0;;0;;0;;0;;26;;0;;0;;0;;0;;0;;0;;0;;0;;0;;0;;2;;0;;0;;0;;0;;0;;0;;1;;0;;0;;1;;0;;0;;0;;0;;
189;H;22;;28/04/2017;PG-RO-SU;0,269;0,0148;;0;;0;;0;;0;;0;;0;;0;;0;;2;;0;;0;;0;;0;;0;;0;;0;;0;;0;;0;;0;;0;;0;;0;;0;;0;;0;;1;;0;;0;;0;;0;;0;;0;;0;;
68;H;22;;31/03/2017;PG-LO-PA;0,243;0,0091;;0;;0;;0;;0;;0;;0;;0;;0;;0;;0;;0;;0;;0;;0;;0;;0;;0;;0;;0;;0;;0;;0;;0;;0;;0;;0;;1;;0;;0;;0;;0;;0;;0;;0;;
102;H;22;;7/04/2017;PG-LO-SU;0,298;0,0113;;0;;0;;0;;0;;0;;0;;0;;0;;0;;0;;0;;0;;0;;0;;0;;0;;0;;0;;0;;0;;0;;0;;0;;0;;0;;0;;1;;0;;0;;0;;0;;0;;0;;0;;
82;H;22;;31/03/2017;PG-LO-SU;0,293;0,0074;;0;;0;;0;;0;;0;;0;;0;;0;;0;;0;;0;;0;;0;;0;;0;;0;;0;;0;;0;;0;;0;;0;;0;;0;;0;;0;;1;;0;;0;;0;;0;;0;;0;;0;;
132;H;22;;14/04/2017;SC-RO-SU;0,203;0,021;;0;;0;;0;;0;;0;;0;;0;;0;;3;;0;;0;;0;;0;;0;;0;;0;;0;;0;;0;;0;;0;;0;;0;;0;;0;;0;;0;;0;;0;;0;;0;;0;;0;;0;;
201;H;22;;5/05/2017;PG-RO-PA;0,187;0,0099;;0;;0;;0;;0;;0;;0;;0;;0;;2;;0;;0;;1;;0;;0;;0;;0;;0;;0;;0;;0;;0;;0;;0;;0;;0;;0;;1;;0;;0;;0;;0;;0;;0;;0;;
238;H;22;;19/05/2017;PG-RO-PA;0,270;0,0185;;0;;0;;0;;0;;0;;0;;0;;0;;11;;0;;0;;18;;0;;0;;0;;0;;0;;0;;0;;0;;0;;0;;0;;0;;0;;0;;1;;0;;0;;0;;0;;0;;0;;0;;
127;H;23;;14/04/2017;GA-SU;0,176;0,005;Vreemd object aan buitenkant van de glasaal, foto genomen ;0;;0;;0;;0;;0;;0;;0;;0;;0;;0;;0;;0;;0;;0;;0;;0;;0;;0;;0;;0;;0;;0;;0;;0;;0;;0;;0;;0;;0;;0;;0;;0;;0;;0;;
79;H;23;;31/03/2017;PG-LO-SU;0,209;0,0089;;0;;0;;0;;0;;0;;0;;0;;0;;0;;0;;0;;0;;0;;0;;0;;0;;0;;0;;0;;0;;0;;0;;0;;0;;0;;0;;0;;0;;0;;0;;0;;0;;0;;0;;
129;H;23;;14/04/2017;GA-SU;0,278;0,0136;;0;;0;;0;;0;;0;;0;;0;;0;;1;;0;;0;;0;;0;;0;;0;;0;;0;;0;;0;;0;;0;;0;;0;;0;;0;;0;;1;;0;;0;;0;;0;;0;;0;;0;;
211;H;23;;5/05/2017;MI-RO-SU;0,119;0,0159;;0;;0;;0;;1;;0;;0;;0;;0;;7;;0;;0;;0;;0;;0;;0;;0;;0;;0;;0;;0;;0;;0;;0;;0;;0;;0;;0;;0;;0;;0;;0;;0;;0;;0;;
216;H;23;;12/05/2017;PG-RO-PA;0,144;0,0137;;0;;0;;0;;0;;0;;0;;0;;0;;9;;0;;0;;4;;0;;0;;0;;0;;0;;0;;0;;0;;0;;0;;0;;0;;0;;0;;0;;0;;0;;0;;0;;0;;0;;0;;
10;H;23;;11/03/2017;PG-KR;0,205;0,0058;;0;;0;;0;;0;;0;;0;;0;;0;;0;;0;;0;;0;;0;;0;;0;;0;;0;;0;;0;;0;;0;;0;;0;;0;;0;;0;;0;;0;;0;;0;;0;;0;;0;;0;;
188;H;23;;28/04/2017;PG-RO-SU;0,123;0,0076;;0;;0;;0;;1;;0;;0;;0;;0;;34;;0;;0;;2;;0;;0;;0;;0;;0;;0;;0;;1;;0;;0;;0;;0;;0;;0;;0;;0;;0;;0;;0;;0;;0;;0;;
229;H;23;;12/05/2017;MI-RO-SU;0,221;0,026;;0;;0;;0;;1;;0;;0;;0;;0;;1;;0;;0;;0;;1;;0;;0;;0;;0;;0;;0;;1;;0;;0;;0;;0;;0;;0;;0;;0;;0;;0;;0;;0;;0;;0;;
124;H;23;;14/04/2017;PG-RO-PA;0,212;0,0089;;0;;0;;0;;0;;0;;0;;0;;0;;0;;0;;0;;0;;0;;0;;0;;0;;0;;0;;0;;0;;0;;0;;0;;0;;0;;0;;1;;0;;0;;0;;0;;0;;0;;0;;
260;H;23;;24/05/2017;PG-LI-PA;0,201;0,0127;;0;;0;;0;;0;;0;;0;;0;;0;;3;;0;;0;;0;;11;;0;;0;;0;;0;;0;;0;;0;;0;;0;;0;;0;;0;;0;;1;;0;;0;;0;;0;;0;;0;;0;;
183;H;23;;28/04/2017;PG-LO;0,177;0,0096;;0;;0;;0;;0;;0;;0;;0;;0;;2;;0;;0;;0;;0;;0;;0;;0;;0;;0;;0;;0;;0;;0;;0;;0;;0;;0;;1;;0;;0;;0;;0;;0;;0;;0;;
136;H;23;;14/03/2017;PG-RO-SU;0,128;0,0105;;0;;0;;0;;0;;0;;0;;0;;0;;17;;0;;0;;0;;0;;0;;0;;0;;0;;0;;0;;0;;0;;0;;0;;0;;0;;0;;0;;0;;0;;0;;0;;0;;0;;0;;
133;H;24;;14/03/2017;PG-RO-SU;0,172;0,0069;ZIT SAMEN MET NR 60 ID FRIGO;0;;0;;0;;0;;0;;0;;0;;0;;5;;0;;0;;0;;0;;0;;0;;0;;0;;0;;0;;0;;0;;0;;0;;0;;0;;0;;0;;0;;0;;0;;0;;0;;0;;0;;
;;;;;;;;;;;;;;;;;;;;;;;;;;;;;;;;;;;;;;;;;;;;;;;;;;;;;;;;;;;;;;;;;;;;;;;;;;;;;
;;;;;;;;;;;;;;;;;;;;;;;;;;;;;;;;;;;;;;;;;;;;;;;;;;;;;;;;;;;;;;;;;;;;;;;;;;;;;
;;;;;;;;;;;;;;;;;;;;;;;;;;;;;;;;;;;;;;;;;;;;;;;;;;;;;;;;;;;;;;;;;;;;;;;;;;;;;
;;;;;;;;;;;;;;;;;;;;;;;;;;;;;;;;;;;;;;;;;;;;;;;;;;;;;;;;;;;;;;;;;;;;;;;;;;;;;
;;;;;;;;;;;;;;;;;;;;;;;;;;;;;;;;;;;;;;;;;;;;;;;;;;;;;;;;;;;;;;;;;;;;;;;;;;;;;
;;;;;;;;;;;;;;;;;;;;;;;;;;;;;;;;;;;;;;;;;;;;;;;;;;;;;;;;;;;;;;;;;;;;;;;;;;;;;
;;;;;;;;;;;;;;;;;;;;;;;;;;;;;;;;;;;;;;;;;;;;;;;;;;;;;;;;;;;;;;;;;;;;;;;;;;;;;
;;;;;;;;;;;;;;;;;;;;;;;;;;;;;;;;;;;;;;;;;;;;;;;;;;;;;;;;;;;;;;;;;;;;;;;;;;;;;
;;;;;;;;;;;;;;;;;;;;;;;;;;;;;;;;;;;;;;;;;;;;;;;;;;;;;;;;;;;;;;;;;;;;;;;;;;;;;
;;;;;;;;;;;;;;;;;;;;;;;;;;;;;;;;;;;;;;;;;;;;;;;;;;;;;;;;;;;;;;;;;;;;;;;;;;;;;
;;;;;;;;;;;;;;;;;;;;;;;;;;;;;;;;;;;;;;;;;;;;;;;;;;;;;;;;;;;;;;;;;;;;;;;;;;;;;
;;;;;;;;;;;;;;;;;;;;;;;;;;;;;;;;;;;;;;;;;;;;;;;;;;;;;;;;;;;;;;;;;;;;;;;;;;;;;
;;;;;;;;;;;;;;;;;;;;;;;;;;;;;;;;;;;;;;;;;;;;;;;;;;;;;;;;;;;;;;;;;;;;;;;;;;;;;
;;;;;;;;;;;;;;;;;;;;;;;;;;;;;;;;;;;;;;;;;;;;;;;;;;;;;;;;;;;;;;;;;;;;;;;;;;;;;
;;;;;;;;;;;;;;;;;;;;;;;;;;;;;;;;;;;;;;;;;;;;;;;;;;;;;;;;;;;;;;;;;;;;;;;;;;;;;
;;;;;;;;;;;;;;;;;;;;;;;;;;;;;;;;;;;;;;;;;;;;;;;;;;;;;;;;;;;;;;;;;;;;;;;;;;;;;
;;;;;;;;;;;;;;;;;;;;;;;;;;;;;;;;;;;;;;;;;;;;;;;;;;;;;;;;;;;;;;;;;;;;;;;;;;;;;
